-- MySQL Administrator dump 1.4
--
-- ------------------------------------------------------
-- Server version	5.5.5-10.3.9-MariaDB


/*!40101 SET @OLD_CHARACTER_SET_CLIENT=@@CHARACTER_SET_CLIENT */;
/*!40101 SET @OLD_CHARACTER_SET_RESULTS=@@CHARACTER_SET_RESULTS */;
/*!40101 SET @OLD_COLLATION_CONNECTION=@@COLLATION_CONNECTION */;
/*!40101 SET NAMES utf8 */;

/*!40014 SET @OLD_UNIQUE_CHECKS=@@UNIQUE_CHECKS, UNIQUE_CHECKS=0 */;
/*!40014 SET @OLD_FOREIGN_KEY_CHECKS=@@FOREIGN_KEY_CHECKS, FOREIGN_KEY_CHECKS=0 */;
/*!40101 SET @OLD_SQL_MODE=@@SQL_MODE, SQL_MODE='NO_AUTO_VALUE_ON_ZERO' */;


--
-- Create schema bwdev
--

CREATE DATABASE IF NOT EXISTS bwdev;
USE bwdev;

--
-- Definition of table `ci_sessions`
--

DROP TABLE IF EXISTS `ci_sessions`;
CREATE TABLE `ci_sessions` (
  `id` varchar(40) CHARACTER SET latin1 NOT NULL,
  `ip_address` varchar(45) CHARACTER SET latin1 NOT NULL,
  `timestamp` int(10) unsigned NOT NULL DEFAULT 0,
  `data` blob NOT NULL,
  PRIMARY KEY (`id`),
  KEY `ci_sessions_timestamp` (`timestamp`)
) ENGINE=InnoDB DEFAULT CHARSET=latin1 COLLATE=latin1_bin;

--
-- Dumping data for table `ci_sessions`
--

/*!40000 ALTER TABLE `ci_sessions` DISABLE KEYS */;
INSERT INTO `ci_sessions` (`id`,`ip_address`,`timestamp`,`data`) VALUES 
 ('0l7a2n32dls0lagreja6a6lbjk683psg','::1',1551130467,0x5F5F63695F6C6173745F726567656E65726174657C693A313535313133303232343B7573756172696F7C613A313A7B693A303B613A31303A7B733A323A226964223B733A313A2231223B733A343A226E6F6D65223B733A33303A2246616272C3AD63696F20526F67C3A972696F204C6F7065732052616D6F73223B733A363A22617661746172223B733A31313A2264656661756C742E6A7067223B733A353A22656D61696C223B733A32383A22666162726963696F2E72616D6F732E64657640676D61696C2E636F6D223B733A343A2268617368223B733A33323A226334636134323338613062393233383230646363353039613666373538343962223B733A31303A226465736370657266696C223B733A343A22526F6F74223B733A383A22696470657266696C223B733A313A2231223B733A383A22646573636C6F6A61223B733A363A224C6F6A612042223B733A363A2269646C6F6A61223B733A313A2232223B733A363A22726F75746573223B613A353A7B693A303B613A323A7B733A353A226C6162656C223B733A393A22557375C3A172696F73223B733A333A2275726C223B733A31333A225573756172696F2F696E646578223B7D693A313B613A323A7B733A353A226C6162656C223B733A383A22436C69656E746573223B733A333A2275726C223B733A31333A22436C69656E74652F696E646578223B7D693A323B613A323A7B733A353A226C6162656C223B733A383A2250726F6475746F73223B733A333A2275726C223B733A31333A2250726F6475746F2F696E646578223B7D693A333B613A323A7B733A353A226C6162656C223B733A363A2256656E646173223B733A333A2275726C223B733A31313A2256656E64612F696E646578223B7D693A343B613A323A7B733A353A226C6162656C223B733A343A22526F6F74223B733A333A2275726C223B733A31303A22526F6F742F696E646578223B7D7D7D7D),
 ('0nbcdnpn31q99eja85jqfvmtl67duc7a','::1',1551212777,0x5F5F63695F6C6173745F726567656E65726174657C693A313535313231323735323B7573756172696F7C613A313A7B693A303B613A31303A7B733A323A226964223B733A313A2231223B733A343A226E6F6D65223B733A33303A2246616272C3AD63696F20526F67C3A972696F204C6F7065732052616D6F73223B733A363A22617661746172223B733A31313A2264656661756C742E6A7067223B733A353A22656D61696C223B733A32383A22666162726963696F2E72616D6F732E64657640676D61696C2E636F6D223B733A343A2268617368223B733A33323A226334636134323338613062393233383230646363353039613666373538343962223B733A31303A226465736370657266696C223B733A343A22526F6F74223B733A383A22696470657266696C223B733A313A2231223B733A383A22646573636C6F6A61223B733A363A224C6F6A612041223B733A363A2269646C6F6A61223B733A313A2231223B733A363A22726F75746573223B613A353A7B693A303B613A323A7B733A353A226C6162656C223B733A393A22557375C3A172696F73223B733A333A2275726C223B733A31333A225573756172696F2F696E646578223B7D693A313B613A323A7B733A353A226C6162656C223B733A383A22436C69656E746573223B733A333A2275726C223B733A31333A22436C69656E74652F696E646578223B7D693A323B613A323A7B733A353A226C6162656C223B733A383A2250726F6475746F73223B733A333A2275726C223B733A31333A2250726F6475746F2F696E646578223B7D693A333B613A323A7B733A353A226C6162656C223B733A363A2256656E646173223B733A333A2275726C223B733A31313A2256656E64612F696E646578223B7D693A343B613A323A7B733A353A226C6162656C223B733A343A22526F6F74223B733A333A2275726C223B733A31303A22526F6F742F696E646578223B7D7D7D7D),
 ('114js97lc6qsetsk0un0eh9tkkj741nh','::1',1551131165,0x5F5F63695F6C6173745F726567656E65726174657C693A313535313133313034353B7573756172696F7C613A313A7B693A303B613A31303A7B733A323A226964223B733A313A2231223B733A343A226E6F6D65223B733A33303A2246616272C3AD63696F20526F67C3A972696F204C6F7065732052616D6F73223B733A363A22617661746172223B733A31313A2264656661756C742E6A7067223B733A353A22656D61696C223B733A32383A22666162726963696F2E72616D6F732E64657640676D61696C2E636F6D223B733A343A2268617368223B733A33323A226334636134323338613062393233383230646363353039613666373538343962223B733A31303A226465736370657266696C223B733A343A22526F6F74223B733A383A22696470657266696C223B733A313A2231223B733A383A22646573636C6F6A61223B733A363A224C6F6A612042223B733A363A2269646C6F6A61223B733A313A2232223B733A363A22726F75746573223B613A353A7B693A303B613A323A7B733A353A226C6162656C223B733A393A22557375C3A172696F73223B733A333A2275726C223B733A31333A225573756172696F2F696E646578223B7D693A313B613A323A7B733A353A226C6162656C223B733A383A22436C69656E746573223B733A333A2275726C223B733A31333A22436C69656E74652F696E646578223B7D693A323B613A323A7B733A353A226C6162656C223B733A383A2250726F6475746F73223B733A333A2275726C223B733A31333A2250726F6475746F2F696E646578223B7D693A333B613A323A7B733A353A226C6162656C223B733A363A2256656E646173223B733A333A2275726C223B733A31313A2256656E64612F696E646578223B7D693A343B613A323A7B733A353A226C6162656C223B733A343A22526F6F74223B733A333A2275726C223B733A31303A22526F6F742F696E646578223B7D7D7D7D),
 ('22r0noimugrrsnuni86g31dr0oj1nhh9','::1',1550949962,0x5F5F63695F6C6173745F726567656E65726174657C693A313535303934393936313B7573756172696F7C613A313A7B693A303B613A31303A7B733A323A226964223B733A313A2231223B733A343A226E6F6D65223B733A33303A2246616272C3AD63696F20526F67C3A972696F204C6F7065732052616D6F73223B733A363A22617661746172223B733A31313A2264656661756C742E6A7067223B733A353A22656D61696C223B733A32383A22666162726963696F2E72616D6F732E64657640676D61696C2E636F6D223B733A343A2268617368223B733A33323A226334636134323338613062393233383230646363353039613666373538343962223B733A31303A226465736370657266696C223B733A343A22526F6F74223B733A383A22696470657266696C223B733A313A2231223B733A383A22646573636C6F6A61223B733A363A224C6F6A612042223B733A363A2269646C6F6A61223B733A313A2232223B733A363A22726F75746573223B613A353A7B693A303B613A323A7B733A353A226C6162656C223B733A393A22557375C3A172696F73223B733A333A2275726C223B733A31333A225573756172696F2F696E646578223B7D693A313B613A323A7B733A353A226C6162656C223B733A383A22436C69656E746573223B733A333A2275726C223B733A31333A22436C69656E74652F696E646578223B7D693A323B613A323A7B733A353A226C6162656C223B733A383A2250726F6475746F73223B733A333A2275726C223B733A31333A2250726F6475746F2F696E646578223B7D693A333B613A323A7B733A353A226C6162656C223B733A363A2256656E646173223B733A333A2275726C223B733A31313A2256656E64612F696E646578223B7D693A343B613A323A7B733A353A226C6162656C223B733A343A22526F6F74223B733A333A2275726C223B733A31303A22526F6F742F696E646578223B7D7D7D7D),
 ('3cpc94r4ilg7n63ncmi0mio2665a12vl','::1',1551127607,0x5F5F63695F6C6173745F726567656E65726174657C693A313535313132373336393B7573756172696F7C613A313A7B693A303B613A31303A7B733A323A226964223B733A313A2231223B733A343A226E6F6D65223B733A33303A2246616272C3AD63696F20526F67C3A972696F204C6F7065732052616D6F73223B733A363A22617661746172223B733A31313A2264656661756C742E6A7067223B733A353A22656D61696C223B733A32383A22666162726963696F2E72616D6F732E64657640676D61696C2E636F6D223B733A343A2268617368223B733A33323A226334636134323338613062393233383230646363353039613666373538343962223B733A31303A226465736370657266696C223B733A343A22526F6F74223B733A383A22696470657266696C223B733A313A2231223B733A383A22646573636C6F6A61223B733A363A224C6F6A612042223B733A363A2269646C6F6A61223B733A313A2232223B733A363A22726F75746573223B613A353A7B693A303B613A323A7B733A353A226C6162656C223B733A393A22557375C3A172696F73223B733A333A2275726C223B733A31333A225573756172696F2F696E646578223B7D693A313B613A323A7B733A353A226C6162656C223B733A383A22436C69656E746573223B733A333A2275726C223B733A31333A22436C69656E74652F696E646578223B7D693A323B613A323A7B733A353A226C6162656C223B733A383A2250726F6475746F73223B733A333A2275726C223B733A31333A2250726F6475746F2F696E646578223B7D693A333B613A323A7B733A353A226C6162656C223B733A363A2256656E646173223B733A333A2275726C223B733A31313A2256656E64612F696E646578223B7D693A343B613A323A7B733A353A226C6162656C223B733A343A22526F6F74223B733A333A2275726C223B733A31303A22526F6F742F696E646578223B7D7D7D7D),
 ('3j1pp44ku2fqep376q5iv93m6mpc00k0','::1',1551215372,0x5F5F63695F6C6173745F726567656E65726174657C693A313535313231353237363B7573756172696F7C613A313A7B693A303B613A31303A7B733A323A226964223B733A313A2231223B733A343A226E6F6D65223B733A33303A2246616272C3AD63696F20526F67C3A972696F204C6F7065732052616D6F73223B733A363A22617661746172223B733A31313A2264656661756C742E6A7067223B733A353A22656D61696C223B733A32383A22666162726963696F2E72616D6F732E64657640676D61696C2E636F6D223B733A343A2268617368223B733A33323A226334636134323338613062393233383230646363353039613666373538343962223B733A31303A226465736370657266696C223B733A343A22526F6F74223B733A383A22696470657266696C223B733A313A2231223B733A383A22646573636C6F6A61223B733A363A224C6F6A612042223B733A363A2269646C6F6A61223B733A313A2232223B733A363A22726F75746573223B613A363A7B693A303B613A323A7B733A353A226C6162656C223B733A393A22557375C3A172696F73223B733A333A2275726C223B733A31333A225573756172696F2F696E646578223B7D693A313B613A323A7B733A353A226C6162656C223B733A383A22436C69656E746573223B733A333A2275726C223B733A31333A22436C69656E74652F696E646578223B7D693A323B613A323A7B733A353A226C6162656C223B733A383A2250726F6475746F73223B733A333A2275726C223B733A31333A2250726F6475746F2F696E646578223B7D693A333B613A323A7B733A353A226C6162656C223B733A363A2256656E646173223B733A333A2275726C223B733A31313A2256656E64612F696E646578223B7D693A343B613A323A7B733A353A226C6162656C223B733A343A22526F6F74223B733A333A2275726C223B733A31303A22526F6F742F696E646578223B7D693A353B613A323A7B733A353A226C6162656C223B733A31303A224372656469C3A172696F223B733A333A2275726C223B733A31353A2243726564696172696F2F696E646578223B7D7D7D7D),
 ('42uhind7cfsd29htf96pqqjb50ligkea','::1',1550956484,0x5F5F63695F6C6173745F726567656E65726174657C693A313535303935363139303B7573756172696F7C613A313A7B693A303B613A31303A7B733A323A226964223B733A313A2231223B733A343A226E6F6D65223B733A33303A2246616272C3AD63696F20526F67C3A972696F204C6F7065732052616D6F73223B733A363A22617661746172223B733A31313A2264656661756C742E6A7067223B733A353A22656D61696C223B733A32383A22666162726963696F2E72616D6F732E64657640676D61696C2E636F6D223B733A343A2268617368223B733A33323A226334636134323338613062393233383230646363353039613666373538343962223B733A31303A226465736370657266696C223B733A343A22526F6F74223B733A383A22696470657266696C223B733A313A2231223B733A383A22646573636C6F6A61223B733A363A224C6F6A612042223B733A363A2269646C6F6A61223B733A313A2232223B733A363A22726F75746573223B613A353A7B693A303B613A323A7B733A353A226C6162656C223B733A393A22557375C3A172696F73223B733A333A2275726C223B733A31333A225573756172696F2F696E646578223B7D693A313B613A323A7B733A353A226C6162656C223B733A383A22436C69656E746573223B733A333A2275726C223B733A31333A22436C69656E74652F696E646578223B7D693A323B613A323A7B733A353A226C6162656C223B733A383A2250726F6475746F73223B733A333A2275726C223B733A31333A2250726F6475746F2F696E646578223B7D693A333B613A323A7B733A353A226C6162656C223B733A363A2256656E646173223B733A333A2275726C223B733A31313A2256656E64612F696E646578223B7D693A343B613A323A7B733A353A226C6162656C223B733A343A22526F6F74223B733A333A2275726C223B733A31303A22526F6F742F696E646578223B7D7D7D7D),
 ('44926h2bhg9mftbb8h48uls5160adgqj','::1',1551125362,0x5F5F63695F6C6173745F726567656E65726174657C693A313535313132353334323B7573756172696F7C613A313A7B693A303B613A31303A7B733A323A226964223B733A313A2231223B733A343A226E6F6D65223B733A33303A2246616272C3AD63696F20526F67C3A972696F204C6F7065732052616D6F73223B733A363A22617661746172223B733A31313A2264656661756C742E6A7067223B733A353A22656D61696C223B733A32383A22666162726963696F2E72616D6F732E64657640676D61696C2E636F6D223B733A343A2268617368223B733A33323A226334636134323338613062393233383230646363353039613666373538343962223B733A31303A226465736370657266696C223B733A343A22526F6F74223B733A383A22696470657266696C223B733A313A2231223B733A383A22646573636C6F6A61223B733A363A224C6F6A612042223B733A363A2269646C6F6A61223B733A313A2232223B733A363A22726F75746573223B613A353A7B693A303B613A323A7B733A353A226C6162656C223B733A393A22557375C3A172696F73223B733A333A2275726C223B733A31333A225573756172696F2F696E646578223B7D693A313B613A323A7B733A353A226C6162656C223B733A383A22436C69656E746573223B733A333A2275726C223B733A31333A22436C69656E74652F696E646578223B7D693A323B613A323A7B733A353A226C6162656C223B733A383A2250726F6475746F73223B733A333A2275726C223B733A31333A2250726F6475746F2F696E646578223B7D693A333B613A323A7B733A353A226C6162656C223B733A363A2256656E646173223B733A333A2275726C223B733A31313A2256656E64612F696E646578223B7D693A343B613A323A7B733A353A226C6162656C223B733A343A22526F6F74223B733A333A2275726C223B733A31303A22526F6F742F696E646578223B7D7D7D7D),
 ('49fk37mmsgcvg91mpe5ii0d4lrbusdfe','::1',1550961470,0x5F5F63695F6C6173745F726567656E65726174657C693A313535303936313333323B7573756172696F7C613A313A7B693A303B613A31303A7B733A323A226964223B733A313A2231223B733A343A226E6F6D65223B733A33303A2246616272C3AD63696F20526F67C3A972696F204C6F7065732052616D6F73223B733A363A22617661746172223B733A31313A2264656661756C742E6A7067223B733A353A22656D61696C223B733A32383A22666162726963696F2E72616D6F732E64657640676D61696C2E636F6D223B733A343A2268617368223B733A33323A226334636134323338613062393233383230646363353039613666373538343962223B733A31303A226465736370657266696C223B733A343A22526F6F74223B733A383A22696470657266696C223B733A313A2231223B733A383A22646573636C6F6A61223B733A363A224C6F6A612042223B733A363A2269646C6F6A61223B733A313A2232223B733A363A22726F75746573223B613A353A7B693A303B613A323A7B733A353A226C6162656C223B733A393A22557375C3A172696F73223B733A333A2275726C223B733A31333A225573756172696F2F696E646578223B7D693A313B613A323A7B733A353A226C6162656C223B733A383A22436C69656E746573223B733A333A2275726C223B733A31333A22436C69656E74652F696E646578223B7D693A323B613A323A7B733A353A226C6162656C223B733A383A2250726F6475746F73223B733A333A2275726C223B733A31333A2250726F6475746F2F696E646578223B7D693A333B613A323A7B733A353A226C6162656C223B733A363A2256656E646173223B733A333A2275726C223B733A31313A2256656E64612F696E646578223B7D693A343B613A323A7B733A353A226C6162656C223B733A343A22526F6F74223B733A333A2275726C223B733A31303A22526F6F742F696E646578223B7D7D7D7D),
 ('4nng7l8eh7sa97tl437luhcgt852st5b','::1',1550957803,0x5F5F63695F6C6173745F726567656E65726174657C693A313535303935373830333B7573756172696F7C613A313A7B693A303B613A31303A7B733A323A226964223B733A313A2231223B733A343A226E6F6D65223B733A33303A2246616272C3AD63696F20526F67C3A972696F204C6F7065732052616D6F73223B733A363A22617661746172223B733A31313A2264656661756C742E6A7067223B733A353A22656D61696C223B733A32383A22666162726963696F2E72616D6F732E64657640676D61696C2E636F6D223B733A343A2268617368223B733A33323A226334636134323338613062393233383230646363353039613666373538343962223B733A31303A226465736370657266696C223B733A343A22526F6F74223B733A383A22696470657266696C223B733A313A2231223B733A383A22646573636C6F6A61223B733A363A224C6F6A612042223B733A363A2269646C6F6A61223B733A313A2232223B733A363A22726F75746573223B613A353A7B693A303B613A323A7B733A353A226C6162656C223B733A393A22557375C3A172696F73223B733A333A2275726C223B733A31333A225573756172696F2F696E646578223B7D693A313B613A323A7B733A353A226C6162656C223B733A383A22436C69656E746573223B733A333A2275726C223B733A31333A22436C69656E74652F696E646578223B7D693A323B613A323A7B733A353A226C6162656C223B733A383A2250726F6475746F73223B733A333A2275726C223B733A31333A2250726F6475746F2F696E646578223B7D693A333B613A323A7B733A353A226C6162656C223B733A363A2256656E646173223B733A333A2275726C223B733A31313A2256656E64612F696E646578223B7D693A343B613A323A7B733A353A226C6162656C223B733A343A22526F6F74223B733A333A2275726C223B733A31303A22526F6F742F696E646578223B7D7D7D7D),
 ('5bnbql5coqpvvflft1o3ee3n3vvim2v6','::1',1551176196,0x5F5F63695F6C6173745F726567656E65726174657C693A313535313137353933343B7573756172696F7C613A313A7B693A303B613A31303A7B733A323A226964223B733A313A2231223B733A343A226E6F6D65223B733A33303A2246616272C3AD63696F20526F67C3A972696F204C6F7065732052616D6F73223B733A363A22617661746172223B733A31313A2264656661756C742E6A7067223B733A353A22656D61696C223B733A32383A22666162726963696F2E72616D6F732E64657640676D61696C2E636F6D223B733A343A2268617368223B733A33323A226334636134323338613062393233383230646363353039613666373538343962223B733A31303A226465736370657266696C223B733A343A22526F6F74223B733A383A22696470657266696C223B733A313A2231223B733A383A22646573636C6F6A61223B733A363A224C6F6A612041223B733A363A2269646C6F6A61223B733A313A2231223B733A363A22726F75746573223B613A353A7B693A303B613A323A7B733A353A226C6162656C223B733A393A22557375C3A172696F73223B733A333A2275726C223B733A31333A225573756172696F2F696E646578223B7D693A313B613A323A7B733A353A226C6162656C223B733A383A22436C69656E746573223B733A333A2275726C223B733A31333A22436C69656E74652F696E646578223B7D693A323B613A323A7B733A353A226C6162656C223B733A383A2250726F6475746F73223B733A333A2275726C223B733A31333A2250726F6475746F2F696E646578223B7D693A333B613A323A7B733A353A226C6162656C223B733A363A2256656E646173223B733A333A2275726C223B733A31313A2256656E64612F696E646578223B7D693A343B613A323A7B733A353A226C6162656C223B733A343A22526F6F74223B733A333A2275726C223B733A31303A22526F6F742F696E646578223B7D7D7D7D),
 ('5diukigr8js1018ju367s1kjcbugl38r','::1',1550961100,0x5F5F63695F6C6173745F726567656E65726174657C693A313535303936313031393B7573756172696F7C613A313A7B693A303B613A31303A7B733A323A226964223B733A313A2231223B733A343A226E6F6D65223B733A33303A2246616272C3AD63696F20526F67C3A972696F204C6F7065732052616D6F73223B733A363A22617661746172223B733A31313A2264656661756C742E6A7067223B733A353A22656D61696C223B733A32383A22666162726963696F2E72616D6F732E64657640676D61696C2E636F6D223B733A343A2268617368223B733A33323A226334636134323338613062393233383230646363353039613666373538343962223B733A31303A226465736370657266696C223B733A343A22526F6F74223B733A383A22696470657266696C223B733A313A2231223B733A383A22646573636C6F6A61223B733A363A224C6F6A612042223B733A363A2269646C6F6A61223B733A313A2232223B733A363A22726F75746573223B613A353A7B693A303B613A323A7B733A353A226C6162656C223B733A393A22557375C3A172696F73223B733A333A2275726C223B733A31333A225573756172696F2F696E646578223B7D693A313B613A323A7B733A353A226C6162656C223B733A383A22436C69656E746573223B733A333A2275726C223B733A31333A22436C69656E74652F696E646578223B7D693A323B613A323A7B733A353A226C6162656C223B733A383A2250726F6475746F73223B733A333A2275726C223B733A31333A2250726F6475746F2F696E646578223B7D693A333B613A323A7B733A353A226C6162656C223B733A363A2256656E646173223B733A333A2275726C223B733A31313A2256656E64612F696E646578223B7D693A343B613A323A7B733A353A226C6162656C223B733A343A22526F6F74223B733A333A2275726C223B733A31303A22526F6F742F696E646578223B7D7D7D7D),
 ('6bld3n3t9m31ajdihegdjj6b1jthjto7','::1',1551126892,0x5F5F63695F6C6173745F726567656E65726174657C693A313535313132363835383B7573756172696F7C613A313A7B693A303B613A31303A7B733A323A226964223B733A313A2231223B733A343A226E6F6D65223B733A33303A2246616272C3AD63696F20526F67C3A972696F204C6F7065732052616D6F73223B733A363A22617661746172223B733A31313A2264656661756C742E6A7067223B733A353A22656D61696C223B733A32383A22666162726963696F2E72616D6F732E64657640676D61696C2E636F6D223B733A343A2268617368223B733A33323A226334636134323338613062393233383230646363353039613666373538343962223B733A31303A226465736370657266696C223B733A343A22526F6F74223B733A383A22696470657266696C223B733A313A2231223B733A383A22646573636C6F6A61223B733A363A224C6F6A612042223B733A363A2269646C6F6A61223B733A313A2232223B733A363A22726F75746573223B613A353A7B693A303B613A323A7B733A353A226C6162656C223B733A393A22557375C3A172696F73223B733A333A2275726C223B733A31333A225573756172696F2F696E646578223B7D693A313B613A323A7B733A353A226C6162656C223B733A383A22436C69656E746573223B733A333A2275726C223B733A31333A22436C69656E74652F696E646578223B7D693A323B613A323A7B733A353A226C6162656C223B733A383A2250726F6475746F73223B733A333A2275726C223B733A31333A2250726F6475746F2F696E646578223B7D693A333B613A323A7B733A353A226C6162656C223B733A363A2256656E646173223B733A333A2275726C223B733A31313A2256656E64612F696E646578223B7D693A343B613A323A7B733A353A226C6162656C223B733A343A22526F6F74223B733A333A2275726C223B733A31303A22526F6F742F696E646578223B7D7D7D7D),
 ('73lv3d7jr9m40haai9j2g2jvbvk0aatn','::1',1551215867,0x5F5F63695F6C6173745F726567656E65726174657C693A313535313231353538373B7573756172696F7C613A313A7B693A303B613A31303A7B733A323A226964223B733A313A2231223B733A343A226E6F6D65223B733A33303A2246616272C3AD63696F20526F67C3A972696F204C6F7065732052616D6F73223B733A363A22617661746172223B733A31313A2264656661756C742E6A7067223B733A353A22656D61696C223B733A32383A22666162726963696F2E72616D6F732E64657640676D61696C2E636F6D223B733A343A2268617368223B733A33323A226334636134323338613062393233383230646363353039613666373538343962223B733A31303A226465736370657266696C223B733A343A22526F6F74223B733A383A22696470657266696C223B733A313A2231223B733A383A22646573636C6F6A61223B733A363A224C6F6A612042223B733A363A2269646C6F6A61223B733A313A2232223B733A363A22726F75746573223B613A363A7B693A303B613A323A7B733A353A226C6162656C223B733A393A22557375C3A172696F73223B733A333A2275726C223B733A31333A225573756172696F2F696E646578223B7D693A313B613A323A7B733A353A226C6162656C223B733A383A22436C69656E746573223B733A333A2275726C223B733A31333A22436C69656E74652F696E646578223B7D693A323B613A323A7B733A353A226C6162656C223B733A383A2250726F6475746F73223B733A333A2275726C223B733A31333A2250726F6475746F2F696E646578223B7D693A333B613A323A7B733A353A226C6162656C223B733A363A2256656E646173223B733A333A2275726C223B733A31313A2256656E64612F696E646578223B7D693A343B613A323A7B733A353A226C6162656C223B733A343A22526F6F74223B733A333A2275726C223B733A31303A22526F6F742F696E646578223B7D693A353B613A323A7B733A353A226C6162656C223B733A31303A224372656469C3A172696F223B733A333A2275726C223B733A31353A2243726564696172696F2F696E646578223B7D7D7D7D),
 ('74tq3hldfnsocdjib4rcuufsf5jo5328','::1',1550953798,0x5F5F63695F6C6173745F726567656E65726174657C693A313535303935333739383B7573756172696F7C613A313A7B693A303B613A31303A7B733A323A226964223B733A313A2231223B733A343A226E6F6D65223B733A33303A2246616272C3AD63696F20526F67C3A972696F204C6F7065732052616D6F73223B733A363A22617661746172223B733A31313A2264656661756C742E6A7067223B733A353A22656D61696C223B733A32383A22666162726963696F2E72616D6F732E64657640676D61696C2E636F6D223B733A343A2268617368223B733A33323A226334636134323338613062393233383230646363353039613666373538343962223B733A31303A226465736370657266696C223B733A343A22526F6F74223B733A383A22696470657266696C223B733A313A2231223B733A383A22646573636C6F6A61223B733A363A224C6F6A612042223B733A363A2269646C6F6A61223B733A313A2232223B733A363A22726F75746573223B613A353A7B693A303B613A323A7B733A353A226C6162656C223B733A393A22557375C3A172696F73223B733A333A2275726C223B733A31333A225573756172696F2F696E646578223B7D693A313B613A323A7B733A353A226C6162656C223B733A383A22436C69656E746573223B733A333A2275726C223B733A31333A22436C69656E74652F696E646578223B7D693A323B613A323A7B733A353A226C6162656C223B733A383A2250726F6475746F73223B733A333A2275726C223B733A31333A2250726F6475746F2F696E646578223B7D693A333B613A323A7B733A353A226C6162656C223B733A363A2256656E646173223B733A333A2275726C223B733A31313A2256656E64612F696E646578223B7D693A343B613A323A7B733A353A226C6162656C223B733A343A22526F6F74223B733A333A2275726C223B733A31303A22526F6F742F696E646578223B7D7D7D7D6E6F7466797C613A333A7B733A343A2274797065223B733A373A2273756363657373223B733A353A227469746C65223B733A31303A225375636573736F202121223B733A333A226D7367223B733A32393A223A29202D2056656E64612073616C766120636F6D207375636573736F21223B7D5F5F63695F766172737C613A313A7B733A353A226E6F746679223B733A333A226F6C64223B7D),
 ('8idbfv9001tutsc3vbmbbpq5bs8cfb2i','::1',1551129006,0x5F5F63695F6C6173745F726567656E65726174657C693A313535313132383734323B7573756172696F7C613A313A7B693A303B613A31303A7B733A323A226964223B733A313A2231223B733A343A226E6F6D65223B733A33303A2246616272C3AD63696F20526F67C3A972696F204C6F7065732052616D6F73223B733A363A22617661746172223B733A31313A2264656661756C742E6A7067223B733A353A22656D61696C223B733A32383A22666162726963696F2E72616D6F732E64657640676D61696C2E636F6D223B733A343A2268617368223B733A33323A226334636134323338613062393233383230646363353039613666373538343962223B733A31303A226465736370657266696C223B733A343A22526F6F74223B733A383A22696470657266696C223B733A313A2231223B733A383A22646573636C6F6A61223B733A363A224C6F6A612042223B733A363A2269646C6F6A61223B733A313A2232223B733A363A22726F75746573223B613A353A7B693A303B613A323A7B733A353A226C6162656C223B733A393A22557375C3A172696F73223B733A333A2275726C223B733A31333A225573756172696F2F696E646578223B7D693A313B613A323A7B733A353A226C6162656C223B733A383A22436C69656E746573223B733A333A2275726C223B733A31333A22436C69656E74652F696E646578223B7D693A323B613A323A7B733A353A226C6162656C223B733A383A2250726F6475746F73223B733A333A2275726C223B733A31333A2250726F6475746F2F696E646578223B7D693A333B613A323A7B733A353A226C6162656C223B733A363A2256656E646173223B733A333A2275726C223B733A31313A2256656E64612F696E646578223B7D693A343B613A323A7B733A353A226C6162656C223B733A343A22526F6F74223B733A333A2275726C223B733A31303A22526F6F742F696E646578223B7D7D7D7D),
 ('8l3kfej127oh054uin55lvqbu0lmo6bf','::1',1550953276,0x5F5F63695F6C6173745F726567656E65726174657C693A313535303935333035393B7573756172696F7C613A313A7B693A303B613A31303A7B733A323A226964223B733A313A2231223B733A343A226E6F6D65223B733A33303A2246616272C3AD63696F20526F67C3A972696F204C6F7065732052616D6F73223B733A363A22617661746172223B733A31313A2264656661756C742E6A7067223B733A353A22656D61696C223B733A32383A22666162726963696F2E72616D6F732E64657640676D61696C2E636F6D223B733A343A2268617368223B733A33323A226334636134323338613062393233383230646363353039613666373538343962223B733A31303A226465736370657266696C223B733A343A22526F6F74223B733A383A22696470657266696C223B733A313A2231223B733A383A22646573636C6F6A61223B733A363A224C6F6A612042223B733A363A2269646C6F6A61223B733A313A2232223B733A363A22726F75746573223B613A353A7B693A303B613A323A7B733A353A226C6162656C223B733A393A22557375C3A172696F73223B733A333A2275726C223B733A31333A225573756172696F2F696E646578223B7D693A313B613A323A7B733A353A226C6162656C223B733A383A22436C69656E746573223B733A333A2275726C223B733A31333A22436C69656E74652F696E646578223B7D693A323B613A323A7B733A353A226C6162656C223B733A383A2250726F6475746F73223B733A333A2275726C223B733A31333A2250726F6475746F2F696E646578223B7D693A333B613A323A7B733A353A226C6162656C223B733A363A2256656E646173223B733A333A2275726C223B733A31313A2256656E64612F696E646578223B7D693A343B613A323A7B733A353A226C6162656C223B733A343A22526F6F74223B733A333A2275726C223B733A31303A22526F6F742F696E646578223B7D7D7D7D),
 ('98jkone19i214m35q8i33lkmndvcnhjn','::1',1550956010,0x5F5F63695F6C6173745F726567656E65726174657C693A313535303935353833373B7573756172696F7C613A313A7B693A303B613A31303A7B733A323A226964223B733A313A2231223B733A343A226E6F6D65223B733A33303A2246616272C3AD63696F20526F67C3A972696F204C6F7065732052616D6F73223B733A363A22617661746172223B733A31313A2264656661756C742E6A7067223B733A353A22656D61696C223B733A32383A22666162726963696F2E72616D6F732E64657640676D61696C2E636F6D223B733A343A2268617368223B733A33323A226334636134323338613062393233383230646363353039613666373538343962223B733A31303A226465736370657266696C223B733A343A22526F6F74223B733A383A22696470657266696C223B733A313A2231223B733A383A22646573636C6F6A61223B733A363A224C6F6A612042223B733A363A2269646C6F6A61223B733A313A2232223B733A363A22726F75746573223B613A353A7B693A303B613A323A7B733A353A226C6162656C223B733A393A22557375C3A172696F73223B733A333A2275726C223B733A31333A225573756172696F2F696E646578223B7D693A313B613A323A7B733A353A226C6162656C223B733A383A22436C69656E746573223B733A333A2275726C223B733A31333A22436C69656E74652F696E646578223B7D693A323B613A323A7B733A353A226C6162656C223B733A383A2250726F6475746F73223B733A333A2275726C223B733A31333A2250726F6475746F2F696E646578223B7D693A333B613A323A7B733A353A226C6162656C223B733A363A2256656E646173223B733A333A2275726C223B733A31313A2256656E64612F696E646578223B7D693A343B613A323A7B733A353A226C6162656C223B733A343A22526F6F74223B733A333A2275726C223B733A31303A22526F6F742F696E646578223B7D7D7D7D),
 ('9vs743ocblijee386ta2j9shlak386l0','::1',1551180650,0x5F5F63695F6C6173745F726567656E65726174657C693A313535313138303435303B7573756172696F7C613A313A7B693A303B613A31303A7B733A323A226964223B733A313A2232223B733A343A226E6F6D65223B733A31333A225573756172696F207465737465223B733A363A22617661746172223B733A31313A2264656661756C742E6A7067223B733A353A22656D61696C223B733A31373A227573756172696F40656D61696C2E636F6D223B733A343A2268617368223B733A33323A226338316537323864396434633266363336663036376638396363313438363263223B733A31303A226465736370657266696C223B733A343A2255736572223B733A383A22696470657266696C223B733A313A2233223B733A383A22646573636C6F6A61223B733A363A224C6F6A612041223B733A363A2269646C6F6A61223B733A313A2231223B733A363A22726F75746573223B613A343A7B693A303B613A323A7B733A353A226C6162656C223B733A393A22557375C3A172696F73223B733A333A2275726C223B733A31333A225573756172696F2F696E646578223B7D693A313B613A323A7B733A353A226C6162656C223B733A383A22436C69656E746573223B733A333A2275726C223B733A31333A22436C69656E74652F696E646578223B7D693A323B613A323A7B733A353A226C6162656C223B733A383A2250726F6475746F73223B733A333A2275726C223B733A31333A2250726F6475746F2F696E646578223B7D693A333B613A323A7B733A353A226C6162656C223B733A363A2256656E646173223B733A333A2275726C223B733A31313A2256656E64612F696E646578223B7D7D7D7D),
 ('a0i2su7m4ht91dghp6jih3o7rioge09i','::1',1550958912,0x5F5F63695F6C6173745F726567656E65726174657C693A313535303935383739393B7573756172696F7C613A313A7B693A303B613A31303A7B733A323A226964223B733A313A2231223B733A343A226E6F6D65223B733A33303A2246616272C3AD63696F20526F67C3A972696F204C6F7065732052616D6F73223B733A363A22617661746172223B733A31313A2264656661756C742E6A7067223B733A353A22656D61696C223B733A32383A22666162726963696F2E72616D6F732E64657640676D61696C2E636F6D223B733A343A2268617368223B733A33323A226334636134323338613062393233383230646363353039613666373538343962223B733A31303A226465736370657266696C223B733A343A22526F6F74223B733A383A22696470657266696C223B733A313A2231223B733A383A22646573636C6F6A61223B733A363A224C6F6A612042223B733A363A2269646C6F6A61223B733A313A2232223B733A363A22726F75746573223B613A353A7B693A303B613A323A7B733A353A226C6162656C223B733A393A22557375C3A172696F73223B733A333A2275726C223B733A31333A225573756172696F2F696E646578223B7D693A313B613A323A7B733A353A226C6162656C223B733A383A22436C69656E746573223B733A333A2275726C223B733A31333A22436C69656E74652F696E646578223B7D693A323B613A323A7B733A353A226C6162656C223B733A383A2250726F6475746F73223B733A333A2275726C223B733A31333A2250726F6475746F2F696E646578223B7D693A333B613A323A7B733A353A226C6162656C223B733A363A2256656E646173223B733A333A2275726C223B733A31313A2256656E64612F696E646578223B7D693A343B613A323A7B733A353A226C6162656C223B733A343A22526F6F74223B733A333A2275726C223B733A31303A22526F6F742F696E646578223B7D7D7D7D),
 ('b2bgrkg5bvtc66lliph4e8lftvgof6hn','::1',1550958551,0x5F5F63695F6C6173745F726567656E65726174657C693A313535303935383235323B7573756172696F7C613A313A7B693A303B613A31303A7B733A323A226964223B733A313A2231223B733A343A226E6F6D65223B733A33303A2246616272C3AD63696F20526F67C3A972696F204C6F7065732052616D6F73223B733A363A22617661746172223B733A31313A2264656661756C742E6A7067223B733A353A22656D61696C223B733A32383A22666162726963696F2E72616D6F732E64657640676D61696C2E636F6D223B733A343A2268617368223B733A33323A226334636134323338613062393233383230646363353039613666373538343962223B733A31303A226465736370657266696C223B733A343A22526F6F74223B733A383A22696470657266696C223B733A313A2231223B733A383A22646573636C6F6A61223B733A363A224C6F6A612042223B733A363A2269646C6F6A61223B733A313A2232223B733A363A22726F75746573223B613A353A7B693A303B613A323A7B733A353A226C6162656C223B733A393A22557375C3A172696F73223B733A333A2275726C223B733A31333A225573756172696F2F696E646578223B7D693A313B613A323A7B733A353A226C6162656C223B733A383A22436C69656E746573223B733A333A2275726C223B733A31333A22436C69656E74652F696E646578223B7D693A323B613A323A7B733A353A226C6162656C223B733A383A2250726F6475746F73223B733A333A2275726C223B733A31333A2250726F6475746F2F696E646578223B7D693A333B613A323A7B733A353A226C6162656C223B733A363A2256656E646173223B733A333A2275726C223B733A31313A2256656E64612F696E646578223B7D693A343B613A323A7B733A353A226C6162656C223B733A343A22526F6F74223B733A333A2275726C223B733A31303A22526F6F742F696E646578223B7D7D7D7D),
 ('cdmg5o6fnh3nk9sd6hle0fvj5kjkrj97','::1',1550960492,0x5F5F63695F6C6173745F726567656E65726174657C693A313535303936303230343B7573756172696F7C613A313A7B693A303B613A31303A7B733A323A226964223B733A313A2231223B733A343A226E6F6D65223B733A33303A2246616272C3AD63696F20526F67C3A972696F204C6F7065732052616D6F73223B733A363A22617661746172223B733A31313A2264656661756C742E6A7067223B733A353A22656D61696C223B733A32383A22666162726963696F2E72616D6F732E64657640676D61696C2E636F6D223B733A343A2268617368223B733A33323A226334636134323338613062393233383230646363353039613666373538343962223B733A31303A226465736370657266696C223B733A343A22526F6F74223B733A383A22696470657266696C223B733A313A2231223B733A383A22646573636C6F6A61223B733A363A224C6F6A612042223B733A363A2269646C6F6A61223B733A313A2232223B733A363A22726F75746573223B613A353A7B693A303B613A323A7B733A353A226C6162656C223B733A393A22557375C3A172696F73223B733A333A2275726C223B733A31333A225573756172696F2F696E646578223B7D693A313B613A323A7B733A353A226C6162656C223B733A383A22436C69656E746573223B733A333A2275726C223B733A31333A22436C69656E74652F696E646578223B7D693A323B613A323A7B733A353A226C6162656C223B733A383A2250726F6475746F73223B733A333A2275726C223B733A31333A2250726F6475746F2F696E646578223B7D693A333B613A323A7B733A353A226C6162656C223B733A363A2256656E646173223B733A333A2275726C223B733A31313A2256656E64612F696E646578223B7D693A343B613A323A7B733A353A226C6162656C223B733A343A22526F6F74223B733A333A2275726C223B733A31303A22526F6F742F696E646578223B7D7D7D7D),
 ('d1mu622iu4bq5befmgqtffrbtproq29j','::1',1550960105,0x5F5F63695F6C6173745F726567656E65726174657C693A313535303935393834363B7573756172696F7C613A313A7B693A303B613A31303A7B733A323A226964223B733A313A2231223B733A343A226E6F6D65223B733A33303A2246616272C3AD63696F20526F67C3A972696F204C6F7065732052616D6F73223B733A363A22617661746172223B733A31313A2264656661756C742E6A7067223B733A353A22656D61696C223B733A32383A22666162726963696F2E72616D6F732E64657640676D61696C2E636F6D223B733A343A2268617368223B733A33323A226334636134323338613062393233383230646363353039613666373538343962223B733A31303A226465736370657266696C223B733A343A22526F6F74223B733A383A22696470657266696C223B733A313A2231223B733A383A22646573636C6F6A61223B733A363A224C6F6A612042223B733A363A2269646C6F6A61223B733A313A2232223B733A363A22726F75746573223B613A353A7B693A303B613A323A7B733A353A226C6162656C223B733A393A22557375C3A172696F73223B733A333A2275726C223B733A31333A225573756172696F2F696E646578223B7D693A313B613A323A7B733A353A226C6162656C223B733A383A22436C69656E746573223B733A333A2275726C223B733A31333A22436C69656E74652F696E646578223B7D693A323B613A323A7B733A353A226C6162656C223B733A383A2250726F6475746F73223B733A333A2275726C223B733A31333A2250726F6475746F2F696E646578223B7D693A333B613A323A7B733A353A226C6162656C223B733A363A2256656E646173223B733A333A2275726C223B733A31313A2256656E64612F696E646578223B7D693A343B613A323A7B733A353A226C6162656C223B733A343A22526F6F74223B733A333A2275726C223B733A31303A22526F6F742F696E646578223B7D7D7D7D),
 ('d2oa26g049hge7e74ae7gp75ihq33ngt','::1',1551127988,0x5F5F63695F6C6173745F726567656E65726174657C693A313535313132373732353B7573756172696F7C613A313A7B693A303B613A31303A7B733A323A226964223B733A313A2231223B733A343A226E6F6D65223B733A33303A2246616272C3AD63696F20526F67C3A972696F204C6F7065732052616D6F73223B733A363A22617661746172223B733A31313A2264656661756C742E6A7067223B733A353A22656D61696C223B733A32383A22666162726963696F2E72616D6F732E64657640676D61696C2E636F6D223B733A343A2268617368223B733A33323A226334636134323338613062393233383230646363353039613666373538343962223B733A31303A226465736370657266696C223B733A343A22526F6F74223B733A383A22696470657266696C223B733A313A2231223B733A383A22646573636C6F6A61223B733A363A224C6F6A612042223B733A363A2269646C6F6A61223B733A313A2232223B733A363A22726F75746573223B613A353A7B693A303B613A323A7B733A353A226C6162656C223B733A393A22557375C3A172696F73223B733A333A2275726C223B733A31333A225573756172696F2F696E646578223B7D693A313B613A323A7B733A353A226C6162656C223B733A383A22436C69656E746573223B733A333A2275726C223B733A31333A22436C69656E74652F696E646578223B7D693A323B613A323A7B733A353A226C6162656C223B733A383A2250726F6475746F73223B733A333A2275726C223B733A31333A2250726F6475746F2F696E646578223B7D693A333B613A323A7B733A353A226C6162656C223B733A363A2256656E646173223B733A333A2275726C223B733A31313A2256656E64612F696E646578223B7D693A343B613A323A7B733A353A226C6162656C223B733A343A22526F6F74223B733A333A2275726C223B733A31303A22526F6F742F696E646578223B7D7D7D7D),
 ('darq202tbfj83o3l7ibek6vf77ol5l52','::1',1550952751,0x5F5F63695F6C6173745F726567656E65726174657C693A313535303935323732393B7573756172696F7C613A313A7B693A303B613A31303A7B733A323A226964223B733A313A2231223B733A343A226E6F6D65223B733A33303A2246616272C3AD63696F20526F67C3A972696F204C6F7065732052616D6F73223B733A363A22617661746172223B733A31313A2264656661756C742E6A7067223B733A353A22656D61696C223B733A32383A22666162726963696F2E72616D6F732E64657640676D61696C2E636F6D223B733A343A2268617368223B733A33323A226334636134323338613062393233383230646363353039613666373538343962223B733A31303A226465736370657266696C223B733A343A22526F6F74223B733A383A22696470657266696C223B733A313A2231223B733A383A22646573636C6F6A61223B733A363A224C6F6A612042223B733A363A2269646C6F6A61223B733A313A2232223B733A363A22726F75746573223B613A353A7B693A303B613A323A7B733A353A226C6162656C223B733A393A22557375C3A172696F73223B733A333A2275726C223B733A31333A225573756172696F2F696E646578223B7D693A313B613A323A7B733A353A226C6162656C223B733A383A22436C69656E746573223B733A333A2275726C223B733A31333A22436C69656E74652F696E646578223B7D693A323B613A323A7B733A353A226C6162656C223B733A383A2250726F6475746F73223B733A333A2275726C223B733A31333A2250726F6475746F2F696E646578223B7D693A333B613A323A7B733A353A226C6162656C223B733A363A2256656E646173223B733A333A2275726C223B733A31313A2256656E64612F696E646578223B7D693A343B613A323A7B733A353A226C6162656C223B733A343A22526F6F74223B733A333A2275726C223B733A31303A22526F6F742F696E646578223B7D7D7D7D),
 ('dfmt47npov76s3qsa84qvnk260g984nv','::1',1550951201,0x5F5F63695F6C6173745F726567656E65726174657C693A313535303935303933323B7573756172696F7C613A313A7B693A303B613A31303A7B733A323A226964223B733A313A2231223B733A343A226E6F6D65223B733A33303A2246616272C3AD63696F20526F67C3A972696F204C6F7065732052616D6F73223B733A363A22617661746172223B733A31313A2264656661756C742E6A7067223B733A353A22656D61696C223B733A32383A22666162726963696F2E72616D6F732E64657640676D61696C2E636F6D223B733A343A2268617368223B733A33323A226334636134323338613062393233383230646363353039613666373538343962223B733A31303A226465736370657266696C223B733A343A22526F6F74223B733A383A22696470657266696C223B733A313A2231223B733A383A22646573636C6F6A61223B733A363A224C6F6A612042223B733A363A2269646C6F6A61223B733A313A2232223B733A363A22726F75746573223B613A353A7B693A303B613A323A7B733A353A226C6162656C223B733A393A22557375C3A172696F73223B733A333A2275726C223B733A31333A225573756172696F2F696E646578223B7D693A313B613A323A7B733A353A226C6162656C223B733A383A22436C69656E746573223B733A333A2275726C223B733A31333A22436C69656E74652F696E646578223B7D693A323B613A323A7B733A353A226C6162656C223B733A383A2250726F6475746F73223B733A333A2275726C223B733A31333A2250726F6475746F2F696E646578223B7D693A333B613A323A7B733A353A226C6162656C223B733A363A2256656E646173223B733A333A2275726C223B733A31313A2256656E64612F696E646578223B7D693A343B613A323A7B733A353A226C6162656C223B733A343A22526F6F74223B733A333A2275726C223B733A31303A22526F6F742F696E646578223B7D7D7D7D),
 ('dkgj4ggf1na67sg0g1f4914vbmgbv06v','::1',1551217302,0x5F5F63695F6C6173745F726567656E65726174657C693A313535313231373032383B7573756172696F7C613A313A7B693A303B613A31303A7B733A323A226964223B733A313A2231223B733A343A226E6F6D65223B733A33303A2246616272C3AD63696F20526F67C3A972696F204C6F7065732052616D6F73223B733A363A22617661746172223B733A31313A2264656661756C742E6A7067223B733A353A22656D61696C223B733A32383A22666162726963696F2E72616D6F732E64657640676D61696C2E636F6D223B733A343A2268617368223B733A33323A226334636134323338613062393233383230646363353039613666373538343962223B733A31303A226465736370657266696C223B733A343A22526F6F74223B733A383A22696470657266696C223B733A313A2231223B733A383A22646573636C6F6A61223B733A363A224C6F6A612042223B733A363A2269646C6F6A61223B733A313A2232223B733A363A22726F75746573223B613A363A7B693A303B613A323A7B733A353A226C6162656C223B733A393A22557375C3A172696F73223B733A333A2275726C223B733A31333A225573756172696F2F696E646578223B7D693A313B613A323A7B733A353A226C6162656C223B733A383A22436C69656E746573223B733A333A2275726C223B733A31333A22436C69656E74652F696E646578223B7D693A323B613A323A7B733A353A226C6162656C223B733A383A2250726F6475746F73223B733A333A2275726C223B733A31333A2250726F6475746F2F696E646578223B7D693A333B613A323A7B733A353A226C6162656C223B733A363A2256656E646173223B733A333A2275726C223B733A31313A2256656E64612F696E646578223B7D693A343B613A323A7B733A353A226C6162656C223B733A343A22526F6F74223B733A333A2275726C223B733A31303A22526F6F742F696E646578223B7D693A353B613A323A7B733A353A226C6162656C223B733A31303A224372656469C3A172696F223B733A333A2275726C223B733A31353A2243726564696172696F2F696E646578223B7D7D7D7D),
 ('dven4ilbvititd4v7iku5ebtrcojlje2','::1',1551213646,0x5F5F63695F6C6173745F726567656E65726174657C693A313535313231333630363B7573756172696F7C613A313A7B693A303B613A31303A7B733A323A226964223B733A313A2231223B733A343A226E6F6D65223B733A33303A2246616272C3AD63696F20526F67C3A972696F204C6F7065732052616D6F73223B733A363A22617661746172223B733A31313A2264656661756C742E6A7067223B733A353A22656D61696C223B733A32383A22666162726963696F2E72616D6F732E64657640676D61696C2E636F6D223B733A343A2268617368223B733A33323A226334636134323338613062393233383230646363353039613666373538343962223B733A31303A226465736370657266696C223B733A343A22526F6F74223B733A383A22696470657266696C223B733A313A2231223B733A383A22646573636C6F6A61223B733A363A224C6F6A612042223B733A363A2269646C6F6A61223B733A313A2232223B733A363A22726F75746573223B613A363A7B693A303B613A323A7B733A353A226C6162656C223B733A393A22557375C3A172696F73223B733A333A2275726C223B733A31333A225573756172696F2F696E646578223B7D693A313B613A323A7B733A353A226C6162656C223B733A383A22436C69656E746573223B733A333A2275726C223B733A31333A22436C69656E74652F696E646578223B7D693A323B613A323A7B733A353A226C6162656C223B733A383A2250726F6475746F73223B733A333A2275726C223B733A31333A2250726F6475746F2F696E646578223B7D693A333B613A323A7B733A353A226C6162656C223B733A363A2256656E646173223B733A333A2275726C223B733A31313A2256656E64612F696E646578223B7D693A343B613A323A7B733A353A226C6162656C223B733A343A22526F6F74223B733A333A2275726C223B733A31303A22526F6F742F696E646578223B7D693A353B613A323A7B733A353A226C6162656C223B733A31303A224372656469C3A172696F223B733A333A2275726C223B733A31353A2243726564696172696F2F696E646578223B7D7D7D7D),
 ('e93jhscq58moics54ir21jepm4fbq2pn','::1',1551128738,0x5F5F63695F6C6173745F726567656E65726174657C693A313535313132383434303B7573756172696F7C613A313A7B693A303B613A31303A7B733A323A226964223B733A313A2231223B733A343A226E6F6D65223B733A33303A2246616272C3AD63696F20526F67C3A972696F204C6F7065732052616D6F73223B733A363A22617661746172223B733A31313A2264656661756C742E6A7067223B733A353A22656D61696C223B733A32383A22666162726963696F2E72616D6F732E64657640676D61696C2E636F6D223B733A343A2268617368223B733A33323A226334636134323338613062393233383230646363353039613666373538343962223B733A31303A226465736370657266696C223B733A343A22526F6F74223B733A383A22696470657266696C223B733A313A2231223B733A383A22646573636C6F6A61223B733A363A224C6F6A612042223B733A363A2269646C6F6A61223B733A313A2232223B733A363A22726F75746573223B613A353A7B693A303B613A323A7B733A353A226C6162656C223B733A393A22557375C3A172696F73223B733A333A2275726C223B733A31333A225573756172696F2F696E646578223B7D693A313B613A323A7B733A353A226C6162656C223B733A383A22436C69656E746573223B733A333A2275726C223B733A31333A22436C69656E74652F696E646578223B7D693A323B613A323A7B733A353A226C6162656C223B733A383A2250726F6475746F73223B733A333A2275726C223B733A31333A2250726F6475746F2F696E646578223B7D693A333B613A323A7B733A353A226C6162656C223B733A363A2256656E646173223B733A333A2275726C223B733A31313A2256656E64612F696E646578223B7D693A343B613A323A7B733A353A226C6162656C223B733A343A22526F6F74223B733A333A2275726C223B733A31303A22526F6F742F696E646578223B7D7D7D7D),
 ('ee3mv11jcgth03l0vk03t2fieplu3b26','::1',1551175934,0x5F5F63695F6C6173745F726567656E65726174657C693A313535313137353633333B7573756172696F7C613A313A7B693A303B613A31303A7B733A323A226964223B733A313A2231223B733A343A226E6F6D65223B733A33303A2246616272C3AD63696F20526F67C3A972696F204C6F7065732052616D6F73223B733A363A22617661746172223B733A31313A2264656661756C742E6A7067223B733A353A22656D61696C223B733A32383A22666162726963696F2E72616D6F732E64657640676D61696C2E636F6D223B733A343A2268617368223B733A33323A226334636134323338613062393233383230646363353039613666373538343962223B733A31303A226465736370657266696C223B733A343A22526F6F74223B733A383A22696470657266696C223B733A313A2231223B733A383A22646573636C6F6A61223B733A363A224C6F6A612041223B733A363A2269646C6F6A61223B733A313A2231223B733A363A22726F75746573223B613A353A7B693A303B613A323A7B733A353A226C6162656C223B733A393A22557375C3A172696F73223B733A333A2275726C223B733A31333A225573756172696F2F696E646578223B7D693A313B613A323A7B733A353A226C6162656C223B733A383A22436C69656E746573223B733A333A2275726C223B733A31333A22436C69656E74652F696E646578223B7D693A323B613A323A7B733A353A226C6162656C223B733A383A2250726F6475746F73223B733A333A2275726C223B733A31333A2250726F6475746F2F696E646578223B7D693A333B613A323A7B733A353A226C6162656C223B733A363A2256656E646173223B733A333A2275726C223B733A31313A2256656E64612F696E646578223B7D693A343B613A323A7B733A353A226C6162656C223B733A343A22526F6F74223B733A333A2275726C223B733A31303A22526F6F742F696E646578223B7D7D7D7D),
 ('efosnlapcv3kkq14mdockdrej1ef6gsk','::1',1550952409,0x5F5F63695F6C6173745F726567656E65726174657C693A313535303935323232313B7573756172696F7C613A313A7B693A303B613A31303A7B733A323A226964223B733A313A2231223B733A343A226E6F6D65223B733A33303A2246616272C3AD63696F20526F67C3A972696F204C6F7065732052616D6F73223B733A363A22617661746172223B733A31313A2264656661756C742E6A7067223B733A353A22656D61696C223B733A32383A22666162726963696F2E72616D6F732E64657640676D61696C2E636F6D223B733A343A2268617368223B733A33323A226334636134323338613062393233383230646363353039613666373538343962223B733A31303A226465736370657266696C223B733A343A22526F6F74223B733A383A22696470657266696C223B733A313A2231223B733A383A22646573636C6F6A61223B733A363A224C6F6A612042223B733A363A2269646C6F6A61223B733A313A2232223B733A363A22726F75746573223B613A353A7B693A303B613A323A7B733A353A226C6162656C223B733A393A22557375C3A172696F73223B733A333A2275726C223B733A31333A225573756172696F2F696E646578223B7D693A313B613A323A7B733A353A226C6162656C223B733A383A22436C69656E746573223B733A333A2275726C223B733A31333A22436C69656E74652F696E646578223B7D693A323B613A323A7B733A353A226C6162656C223B733A383A2250726F6475746F73223B733A333A2275726C223B733A31333A2250726F6475746F2F696E646578223B7D693A333B613A323A7B733A353A226C6162656C223B733A363A2256656E646173223B733A333A2275726C223B733A31313A2256656E64612F696E646578223B7D693A343B613A323A7B733A353A226C6162656C223B733A343A22526F6F74223B733A333A2275726C223B733A31303A22526F6F742F696E646578223B7D7D7D7D),
 ('eja9h3q2ieelijh8jt65ru6899e7gfcp','::1',1551128305,0x5F5F63695F6C6173745F726567656E65726174657C693A313535313132383033353B7573756172696F7C613A313A7B693A303B613A31303A7B733A323A226964223B733A313A2231223B733A343A226E6F6D65223B733A33303A2246616272C3AD63696F20526F67C3A972696F204C6F7065732052616D6F73223B733A363A22617661746172223B733A31313A2264656661756C742E6A7067223B733A353A22656D61696C223B733A32383A22666162726963696F2E72616D6F732E64657640676D61696C2E636F6D223B733A343A2268617368223B733A33323A226334636134323338613062393233383230646363353039613666373538343962223B733A31303A226465736370657266696C223B733A343A22526F6F74223B733A383A22696470657266696C223B733A313A2231223B733A383A22646573636C6F6A61223B733A363A224C6F6A612042223B733A363A2269646C6F6A61223B733A313A2232223B733A363A22726F75746573223B613A353A7B693A303B613A323A7B733A353A226C6162656C223B733A393A22557375C3A172696F73223B733A333A2275726C223B733A31333A225573756172696F2F696E646578223B7D693A313B613A323A7B733A353A226C6162656C223B733A383A22436C69656E746573223B733A333A2275726C223B733A31333A22436C69656E74652F696E646578223B7D693A323B613A323A7B733A353A226C6162656C223B733A383A2250726F6475746F73223B733A333A2275726C223B733A31333A2250726F6475746F2F696E646578223B7D693A333B613A323A7B733A353A226C6162656C223B733A363A2256656E646173223B733A333A2275726C223B733A31313A2256656E64612F696E646578223B7D693A343B613A323A7B733A353A226C6162656C223B733A343A22526F6F74223B733A333A2275726C223B733A31303A22526F6F742F696E646578223B7D7D7D7D),
 ('ep3n46os3fk9sv0qj8ncprgnt9007mvq','::1',1550953932,0x5F5F63695F6C6173745F726567656E65726174657C693A313535303935333739383B7573756172696F7C613A313A7B693A303B613A31303A7B733A323A226964223B733A313A2231223B733A343A226E6F6D65223B733A33303A2246616272C3AD63696F20526F67C3A972696F204C6F7065732052616D6F73223B733A363A22617661746172223B733A31313A2264656661756C742E6A7067223B733A353A22656D61696C223B733A32383A22666162726963696F2E72616D6F732E64657640676D61696C2E636F6D223B733A343A2268617368223B733A33323A226334636134323338613062393233383230646363353039613666373538343962223B733A31303A226465736370657266696C223B733A343A22526F6F74223B733A383A22696470657266696C223B733A313A2231223B733A383A22646573636C6F6A61223B733A363A224C6F6A612042223B733A363A2269646C6F6A61223B733A313A2232223B733A363A22726F75746573223B613A353A7B693A303B613A323A7B733A353A226C6162656C223B733A393A22557375C3A172696F73223B733A333A2275726C223B733A31333A225573756172696F2F696E646578223B7D693A313B613A323A7B733A353A226C6162656C223B733A383A22436C69656E746573223B733A333A2275726C223B733A31333A22436C69656E74652F696E646578223B7D693A323B613A323A7B733A353A226C6162656C223B733A383A2250726F6475746F73223B733A333A2275726C223B733A31333A2250726F6475746F2F696E646578223B7D693A333B613A323A7B733A353A226C6162656C223B733A363A2256656E646173223B733A333A2275726C223B733A31313A2256656E64612F696E646578223B7D693A343B613A323A7B733A353A226C6162656C223B733A343A22526F6F74223B733A333A2275726C223B733A31303A22526F6F742F696E646578223B7D7D7D7D),
 ('esft2bc050op7fprgb9m53c0ootrvmpe','::1',1550951432,0x5F5F63695F6C6173745F726567656E65726174657C693A313535303935313235383B7573756172696F7C613A313A7B693A303B613A31303A7B733A323A226964223B733A313A2231223B733A343A226E6F6D65223B733A33303A2246616272C3AD63696F20526F67C3A972696F204C6F7065732052616D6F73223B733A363A22617661746172223B733A31313A2264656661756C742E6A7067223B733A353A22656D61696C223B733A32383A22666162726963696F2E72616D6F732E64657640676D61696C2E636F6D223B733A343A2268617368223B733A33323A226334636134323338613062393233383230646363353039613666373538343962223B733A31303A226465736370657266696C223B733A343A22526F6F74223B733A383A22696470657266696C223B733A313A2231223B733A383A22646573636C6F6A61223B733A363A224C6F6A612042223B733A363A2269646C6F6A61223B733A313A2232223B733A363A22726F75746573223B613A353A7B693A303B613A323A7B733A353A226C6162656C223B733A393A22557375C3A172696F73223B733A333A2275726C223B733A31333A225573756172696F2F696E646578223B7D693A313B613A323A7B733A353A226C6162656C223B733A383A22436C69656E746573223B733A333A2275726C223B733A31333A22436C69656E74652F696E646578223B7D693A323B613A323A7B733A353A226C6162656C223B733A383A2250726F6475746F73223B733A333A2275726C223B733A31333A2250726F6475746F2F696E646578223B7D693A333B613A323A7B733A353A226C6162656C223B733A363A2256656E646173223B733A333A2275726C223B733A31313A2256656E64612F696E646578223B7D693A343B613A323A7B733A353A226C6162656C223B733A343A22526F6F74223B733A333A2275726C223B733A31303A22526F6F742F696E646578223B7D7D7D7D),
 ('jgm7uiab6vurp45pnvmqd4t78o3rntve','::1',1551126544,0x5F5F63695F6C6173745F726567656E65726174657C693A313535313132363431313B7573756172696F7C613A313A7B693A303B613A31303A7B733A323A226964223B733A313A2231223B733A343A226E6F6D65223B733A33303A2246616272C3AD63696F20526F67C3A972696F204C6F7065732052616D6F73223B733A363A22617661746172223B733A31313A2264656661756C742E6A7067223B733A353A22656D61696C223B733A32383A22666162726963696F2E72616D6F732E64657640676D61696C2E636F6D223B733A343A2268617368223B733A33323A226334636134323338613062393233383230646363353039613666373538343962223B733A31303A226465736370657266696C223B733A343A22526F6F74223B733A383A22696470657266696C223B733A313A2231223B733A383A22646573636C6F6A61223B733A363A224C6F6A612042223B733A363A2269646C6F6A61223B733A313A2232223B733A363A22726F75746573223B613A353A7B693A303B613A323A7B733A353A226C6162656C223B733A393A22557375C3A172696F73223B733A333A2275726C223B733A31333A225573756172696F2F696E646578223B7D693A313B613A323A7B733A353A226C6162656C223B733A383A22436C69656E746573223B733A333A2275726C223B733A31333A22436C69656E74652F696E646578223B7D693A323B613A323A7B733A353A226C6162656C223B733A383A2250726F6475746F73223B733A333A2275726C223B733A31333A2250726F6475746F2F696E646578223B7D693A333B613A323A7B733A353A226C6162656C223B733A363A2256656E646173223B733A333A2275726C223B733A31313A2256656E64612F696E646578223B7D693A343B613A323A7B733A353A226C6162656C223B733A343A22526F6F74223B733A333A2275726C223B733A31303A22526F6F742F696E646578223B7D7D7D7D),
 ('k0igfdg3o51j2en2jb587qm76g85l14i','::1',1550953796,0x5F5F63695F6C6173745F726567656E65726174657C693A313535303935333436393B7573756172696F7C613A313A7B693A303B613A31303A7B733A323A226964223B733A313A2231223B733A343A226E6F6D65223B733A33303A2246616272C3AD63696F20526F67C3A972696F204C6F7065732052616D6F73223B733A363A22617661746172223B733A31313A2264656661756C742E6A7067223B733A353A22656D61696C223B733A32383A22666162726963696F2E72616D6F732E64657640676D61696C2E636F6D223B733A343A2268617368223B733A33323A226334636134323338613062393233383230646363353039613666373538343962223B733A31303A226465736370657266696C223B733A343A22526F6F74223B733A383A22696470657266696C223B733A313A2231223B733A383A22646573636C6F6A61223B733A363A224C6F6A612042223B733A363A2269646C6F6A61223B733A313A2232223B733A363A22726F75746573223B613A353A7B693A303B613A323A7B733A353A226C6162656C223B733A393A22557375C3A172696F73223B733A333A2275726C223B733A31333A225573756172696F2F696E646578223B7D693A313B613A323A7B733A353A226C6162656C223B733A383A22436C69656E746573223B733A333A2275726C223B733A31333A22436C69656E74652F696E646578223B7D693A323B613A323A7B733A353A226C6162656C223B733A383A2250726F6475746F73223B733A333A2275726C223B733A31333A2250726F6475746F2F696E646578223B7D693A333B613A323A7B733A353A226C6162656C223B733A363A2256656E646173223B733A333A2275726C223B733A31313A2256656E64612F696E646578223B7D693A343B613A323A7B733A353A226C6162656C223B733A343A22526F6F74223B733A333A2275726C223B733A31303A22526F6F742F696E646578223B7D7D7D7D6E6F7466797C613A333A7B733A343A2274797065223B733A373A2273756363657373223B733A353A227469746C65223B733A31303A225375636573736F202121223B733A333A226D7367223B733A32393A223A29202D2056656E64612073616C766120636F6D207375636573736F21223B7D5F5F63695F766172737C613A313A7B733A353A226E6F746679223B733A333A226E6577223B7D),
 ('k1a2ft0q2g1u6nue3kipj83r9t1gbt9i','::1',1550956741,0x5F5F63695F6C6173745F726567656E65726174657C693A313535303935363535333B7573756172696F7C613A313A7B693A303B613A31303A7B733A323A226964223B733A313A2231223B733A343A226E6F6D65223B733A33303A2246616272C3AD63696F20526F67C3A972696F204C6F7065732052616D6F73223B733A363A22617661746172223B733A31313A2264656661756C742E6A7067223B733A353A22656D61696C223B733A32383A22666162726963696F2E72616D6F732E64657640676D61696C2E636F6D223B733A343A2268617368223B733A33323A226334636134323338613062393233383230646363353039613666373538343962223B733A31303A226465736370657266696C223B733A343A22526F6F74223B733A383A22696470657266696C223B733A313A2231223B733A383A22646573636C6F6A61223B733A363A224C6F6A612042223B733A363A2269646C6F6A61223B733A313A2232223B733A363A22726F75746573223B613A353A7B693A303B613A323A7B733A353A226C6162656C223B733A393A22557375C3A172696F73223B733A333A2275726C223B733A31333A225573756172696F2F696E646578223B7D693A313B613A323A7B733A353A226C6162656C223B733A383A22436C69656E746573223B733A333A2275726C223B733A31333A22436C69656E74652F696E646578223B7D693A323B613A323A7B733A353A226C6162656C223B733A383A2250726F6475746F73223B733A333A2275726C223B733A31333A2250726F6475746F2F696E646578223B7D693A333B613A323A7B733A353A226C6162656C223B733A363A2256656E646173223B733A333A2275726C223B733A31313A2256656E64612F696E646578223B7D693A343B613A323A7B733A353A226C6162656C223B733A343A22526F6F74223B733A333A2275726C223B733A31303A22526F6F742F696E646578223B7D7D7D7D),
 ('k6te4mfonl7f5e6vmd3iojvj8aki9d0a','::1',1551180428,0x5F5F63695F6C6173745F726567656E65726174657C693A313535313138303132383B7573756172696F7C613A313A7B693A303B613A31303A7B733A323A226964223B733A313A2232223B733A343A226E6F6D65223B733A31333A225573756172696F207465737465223B733A363A22617661746172223B733A31313A2264656661756C742E6A7067223B733A353A22656D61696C223B733A31373A227573756172696F40656D61696C2E636F6D223B733A343A2268617368223B733A33323A226338316537323864396434633266363336663036376638396363313438363263223B733A31303A226465736370657266696C223B733A343A2255736572223B733A383A22696470657266696C223B733A313A2233223B733A383A22646573636C6F6A61223B733A363A224C6F6A612041223B733A363A2269646C6F6A61223B733A313A2231223B733A363A22726F75746573223B613A343A7B693A303B613A323A7B733A353A226C6162656C223B733A393A22557375C3A172696F73223B733A333A2275726C223B733A31333A225573756172696F2F696E646578223B7D693A313B613A323A7B733A353A226C6162656C223B733A383A22436C69656E746573223B733A333A2275726C223B733A31333A22436C69656E74652F696E646578223B7D693A323B613A323A7B733A353A226C6162656C223B733A383A2250726F6475746F73223B733A333A2275726C223B733A31333A2250726F6475746F2F696E646578223B7D693A333B613A323A7B733A353A226C6162656C223B733A363A2256656E646173223B733A333A2275726C223B733A31313A2256656E64612F696E646578223B7D7D7D7D),
 ('kt93c0juvlpcc78utgmpe7v856rvahpr','::1',1551131457,0x5F5F63695F6C6173745F726567656E65726174657C693A313535313133313432313B7573756172696F7C613A313A7B693A303B613A31303A7B733A323A226964223B733A313A2231223B733A343A226E6F6D65223B733A33303A2246616272C3AD63696F20526F67C3A972696F204C6F7065732052616D6F73223B733A363A22617661746172223B733A31313A2264656661756C742E6A7067223B733A353A22656D61696C223B733A32383A22666162726963696F2E72616D6F732E64657640676D61696C2E636F6D223B733A343A2268617368223B733A33323A226334636134323338613062393233383230646363353039613666373538343962223B733A31303A226465736370657266696C223B733A343A22526F6F74223B733A383A22696470657266696C223B733A313A2231223B733A383A22646573636C6F6A61223B733A363A224C6F6A612042223B733A363A2269646C6F6A61223B733A313A2232223B733A363A22726F75746573223B613A353A7B693A303B613A323A7B733A353A226C6162656C223B733A393A22557375C3A172696F73223B733A333A2275726C223B733A31333A225573756172696F2F696E646578223B7D693A313B613A323A7B733A353A226C6162656C223B733A383A22436C69656E746573223B733A333A2275726C223B733A31333A22436C69656E74652F696E646578223B7D693A323B613A323A7B733A353A226C6162656C223B733A383A2250726F6475746F73223B733A333A2275726C223B733A31333A2250726F6475746F2F696E646578223B7D693A333B613A323A7B733A353A226C6162656C223B733A363A2256656E646173223B733A333A2275726C223B733A31313A2256656E64612F696E646578223B7D693A343B613A323A7B733A353A226C6162656C223B733A343A22526F6F74223B733A333A2275726C223B733A31303A22526F6F742F696E646578223B7D7D7D7D),
 ('ldqqshav4aqr7fm4h447cs16vhdmfvup','::1',1550963500,0x5F5F63695F6C6173745F726567656E65726174657C693A313535303936333434333B7573756172696F7C613A313A7B693A303B613A31303A7B733A323A226964223B733A313A2231223B733A343A226E6F6D65223B733A33303A2246616272C3AD63696F20526F67C3A972696F204C6F7065732052616D6F73223B733A363A22617661746172223B733A31313A2264656661756C742E6A7067223B733A353A22656D61696C223B733A32383A22666162726963696F2E72616D6F732E64657640676D61696C2E636F6D223B733A343A2268617368223B733A33323A226334636134323338613062393233383230646363353039613666373538343962223B733A31303A226465736370657266696C223B733A343A22526F6F74223B733A383A22696470657266696C223B733A313A2231223B733A383A22646573636C6F6A61223B733A363A224C6F6A612042223B733A363A2269646C6F6A61223B733A313A2232223B733A363A22726F75746573223B613A353A7B693A303B613A323A7B733A353A226C6162656C223B733A393A22557375C3A172696F73223B733A333A2275726C223B733A31333A225573756172696F2F696E646578223B7D693A313B613A323A7B733A353A226C6162656C223B733A383A22436C69656E746573223B733A333A2275726C223B733A31333A22436C69656E74652F696E646578223B7D693A323B613A323A7B733A353A226C6162656C223B733A383A2250726F6475746F73223B733A333A2275726C223B733A31333A2250726F6475746F2F696E646578223B7D693A333B613A323A7B733A353A226C6162656C223B733A363A2256656E646173223B733A333A2275726C223B733A31313A2256656E64612F696E646578223B7D693A343B613A323A7B733A353A226C6162656C223B733A343A22526F6F74223B733A333A2275726C223B733A31303A22526F6F742F696E646578223B7D7D7D7D),
 ('li1p2ek1k8rg82d9aa72ip06apkarmd7','::1',1551129586,0x5F5F63695F6C6173745F726567656E65726174657C693A313535313132393337353B7573756172696F7C613A313A7B693A303B613A31303A7B733A323A226964223B733A313A2231223B733A343A226E6F6D65223B733A33303A2246616272C3AD63696F20526F67C3A972696F204C6F7065732052616D6F73223B733A363A22617661746172223B733A31313A2264656661756C742E6A7067223B733A353A22656D61696C223B733A32383A22666162726963696F2E72616D6F732E64657640676D61696C2E636F6D223B733A343A2268617368223B733A33323A226334636134323338613062393233383230646363353039613666373538343962223B733A31303A226465736370657266696C223B733A343A22526F6F74223B733A383A22696470657266696C223B733A313A2231223B733A383A22646573636C6F6A61223B733A363A224C6F6A612042223B733A363A2269646C6F6A61223B733A313A2232223B733A363A22726F75746573223B613A353A7B693A303B613A323A7B733A353A226C6162656C223B733A393A22557375C3A172696F73223B733A333A2275726C223B733A31333A225573756172696F2F696E646578223B7D693A313B613A323A7B733A353A226C6162656C223B733A383A22436C69656E746573223B733A333A2275726C223B733A31333A22436C69656E74652F696E646578223B7D693A323B613A323A7B733A353A226C6162656C223B733A383A2250726F6475746F73223B733A333A2275726C223B733A31333A2250726F6475746F2F696E646578223B7D693A333B613A323A7B733A353A226C6162656C223B733A363A2256656E646173223B733A333A2275726C223B733A31313A2256656E64612F696E646578223B7D693A343B613A323A7B733A353A226C6162656C223B733A343A22526F6F74223B733A333A2275726C223B733A31303A22526F6F742F696E646578223B7D7D7D7D),
 ('lue4skhtjcltjau8afkljm4ptg970ah3','::1',1551181981,0x5F5F63695F6C6173745F726567656E65726174657C693A313535313138313934383B7573756172696F7C613A313A7B693A303B613A31303A7B733A323A226964223B733A313A2231223B733A343A226E6F6D65223B733A33303A2246616272C3AD63696F20526F67C3A972696F204C6F7065732052616D6F73223B733A363A22617661746172223B733A31313A2264656661756C742E6A7067223B733A353A22656D61696C223B733A32383A22666162726963696F2E72616D6F732E64657640676D61696C2E636F6D223B733A343A2268617368223B733A33323A226334636134323338613062393233383230646363353039613666373538343962223B733A31303A226465736370657266696C223B733A343A22526F6F74223B733A383A22696470657266696C223B733A313A2231223B733A383A22646573636C6F6A61223B733A363A224C6F6A612041223B733A363A2269646C6F6A61223B733A313A2231223B733A363A22726F75746573223B613A353A7B693A303B613A323A7B733A353A226C6162656C223B733A393A22557375C3A172696F73223B733A333A2275726C223B733A31333A225573756172696F2F696E646578223B7D693A313B613A323A7B733A353A226C6162656C223B733A383A22436C69656E746573223B733A333A2275726C223B733A31333A22436C69656E74652F696E646578223B7D693A323B613A323A7B733A353A226C6162656C223B733A383A2250726F6475746F73223B733A333A2275726C223B733A31333A2250726F6475746F2F696E646578223B7D693A333B613A323A7B733A353A226C6162656C223B733A363A2256656E646173223B733A333A2275726C223B733A31313A2256656E64612F696E646578223B7D693A343B613A323A7B733A353A226C6162656C223B733A343A22526F6F74223B733A333A2275726C223B733A31303A22526F6F742F696E646578223B7D7D7D7D6E6F7466797C613A333A7B733A343A2274797065223B733A373A2273756363657373223B733A353A227469746C65223B733A383A2253722E20526F6F74223B733A333A226D7367223B733A33343A223A29202D2041636573736F206C6962657261646F20636F6D207375636573736F2021223B7D5F5F63695F766172737C613A313A7B733A353A226E6F746679223B733A333A226F6C64223B7D),
 ('np531g8oor4i04sd1oc2fuvu7v9t376a','::1',1550962488,0x5F5F63695F6C6173745F726567656E65726174657C693A313535303936323337333B7573756172696F7C613A313A7B693A303B613A31303A7B733A323A226964223B733A313A2231223B733A343A226E6F6D65223B733A33303A2246616272C3AD63696F20526F67C3A972696F204C6F7065732052616D6F73223B733A363A22617661746172223B733A31313A2264656661756C742E6A7067223B733A353A22656D61696C223B733A32383A22666162726963696F2E72616D6F732E64657640676D61696C2E636F6D223B733A343A2268617368223B733A33323A226334636134323338613062393233383230646363353039613666373538343962223B733A31303A226465736370657266696C223B733A343A22526F6F74223B733A383A22696470657266696C223B733A313A2231223B733A383A22646573636C6F6A61223B733A363A224C6F6A612042223B733A363A2269646C6F6A61223B733A313A2232223B733A363A22726F75746573223B613A353A7B693A303B613A323A7B733A353A226C6162656C223B733A393A22557375C3A172696F73223B733A333A2275726C223B733A31333A225573756172696F2F696E646578223B7D693A313B613A323A7B733A353A226C6162656C223B733A383A22436C69656E746573223B733A333A2275726C223B733A31333A22436C69656E74652F696E646578223B7D693A323B613A323A7B733A353A226C6162656C223B733A383A2250726F6475746F73223B733A333A2275726C223B733A31333A2250726F6475746F2F696E646578223B7D693A333B613A323A7B733A353A226C6162656C223B733A363A2256656E646173223B733A333A2275726C223B733A31313A2256656E64612F696E646578223B7D693A343B613A323A7B733A353A226C6162656C223B733A343A22526F6F74223B733A333A2275726C223B733A31303A22526F6F742F696E646578223B7D7D7D7D),
 ('ns1ofkrvlr1rnv47ngnc8n8n6ns1r43q','::1',1551216759,0x5F5F63695F6C6173745F726567656E65726174657C693A313535313231363634373B7573756172696F7C613A313A7B693A303B613A31303A7B733A323A226964223B733A313A2231223B733A343A226E6F6D65223B733A33303A2246616272C3AD63696F20526F67C3A972696F204C6F7065732052616D6F73223B733A363A22617661746172223B733A31313A2264656661756C742E6A7067223B733A353A22656D61696C223B733A32383A22666162726963696F2E72616D6F732E64657640676D61696C2E636F6D223B733A343A2268617368223B733A33323A226334636134323338613062393233383230646363353039613666373538343962223B733A31303A226465736370657266696C223B733A343A22526F6F74223B733A383A22696470657266696C223B733A313A2231223B733A383A22646573636C6F6A61223B733A363A224C6F6A612042223B733A363A2269646C6F6A61223B733A313A2232223B733A363A22726F75746573223B613A363A7B693A303B613A323A7B733A353A226C6162656C223B733A393A22557375C3A172696F73223B733A333A2275726C223B733A31333A225573756172696F2F696E646578223B7D693A313B613A323A7B733A353A226C6162656C223B733A383A22436C69656E746573223B733A333A2275726C223B733A31333A22436C69656E74652F696E646578223B7D693A323B613A323A7B733A353A226C6162656C223B733A383A2250726F6475746F73223B733A333A2275726C223B733A31333A2250726F6475746F2F696E646578223B7D693A333B613A323A7B733A353A226C6162656C223B733A363A2256656E646173223B733A333A2275726C223B733A31313A2256656E64612F696E646578223B7D693A343B613A323A7B733A353A226C6162656C223B733A343A22526F6F74223B733A333A2275726C223B733A31303A22526F6F742F696E646578223B7D693A353B613A323A7B733A353A226C6162656C223B733A31303A224372656469C3A172696F223B733A333A2275726C223B733A31353A2243726564696172696F2F696E646578223B7D7D7D7D);
INSERT INTO `ci_sessions` (`id`,`ip_address`,`timestamp`,`data`) VALUES 
 ('o6g3oss3q9t0ec9a5hqcmekosb0mirse','::1',1550961963,0x5F5F63695F6C6173745F726567656E65726174657C693A313535303936313733333B7573756172696F7C613A313A7B693A303B613A31303A7B733A323A226964223B733A313A2231223B733A343A226E6F6D65223B733A33303A2246616272C3AD63696F20526F67C3A972696F204C6F7065732052616D6F73223B733A363A22617661746172223B733A31313A2264656661756C742E6A7067223B733A353A22656D61696C223B733A32383A22666162726963696F2E72616D6F732E64657640676D61696C2E636F6D223B733A343A2268617368223B733A33323A226334636134323338613062393233383230646363353039613666373538343962223B733A31303A226465736370657266696C223B733A343A22526F6F74223B733A383A22696470657266696C223B733A313A2231223B733A383A22646573636C6F6A61223B733A363A224C6F6A612042223B733A363A2269646C6F6A61223B733A313A2232223B733A363A22726F75746573223B613A353A7B693A303B613A323A7B733A353A226C6162656C223B733A393A22557375C3A172696F73223B733A333A2275726C223B733A31333A225573756172696F2F696E646578223B7D693A313B613A323A7B733A353A226C6162656C223B733A383A22436C69656E746573223B733A333A2275726C223B733A31333A22436C69656E74652F696E646578223B7D693A323B613A323A7B733A353A226C6162656C223B733A383A2250726F6475746F73223B733A333A2275726C223B733A31333A2250726F6475746F2F696E646578223B7D693A333B613A323A7B733A353A226C6162656C223B733A363A2256656E646173223B733A333A2275726C223B733A31313A2256656E64612F696E646578223B7D693A343B613A323A7B733A353A226C6162656C223B733A343A22526F6F74223B733A333A2275726C223B733A31303A22526F6F742F696E646578223B7D7D7D7D),
 ('o92mt8huuigtle42rsbd4kpdjmldhi0g','::1',1551217642,0x5F5F63695F6C6173745F726567656E65726174657C693A313535313231373334303B7573756172696F7C613A313A7B693A303B613A31303A7B733A323A226964223B733A313A2231223B733A343A226E6F6D65223B733A33303A2246616272C3AD63696F20526F67C3A972696F204C6F7065732052616D6F73223B733A363A22617661746172223B733A31313A2264656661756C742E6A7067223B733A353A22656D61696C223B733A32383A22666162726963696F2E72616D6F732E64657640676D61696C2E636F6D223B733A343A2268617368223B733A33323A226334636134323338613062393233383230646363353039613666373538343962223B733A31303A226465736370657266696C223B733A343A22526F6F74223B733A383A22696470657266696C223B733A313A2231223B733A383A22646573636C6F6A61223B733A363A224C6F6A612042223B733A363A2269646C6F6A61223B733A313A2232223B733A363A22726F75746573223B613A363A7B693A303B613A323A7B733A353A226C6162656C223B733A393A22557375C3A172696F73223B733A333A2275726C223B733A31333A225573756172696F2F696E646578223B7D693A313B613A323A7B733A353A226C6162656C223B733A383A22436C69656E746573223B733A333A2275726C223B733A31333A22436C69656E74652F696E646578223B7D693A323B613A323A7B733A353A226C6162656C223B733A383A2250726F6475746F73223B733A333A2275726C223B733A31333A2250726F6475746F2F696E646578223B7D693A333B613A323A7B733A353A226C6162656C223B733A363A2256656E646173223B733A333A2275726C223B733A31313A2256656E64612F696E646578223B7D693A343B613A323A7B733A353A226C6162656C223B733A343A22526F6F74223B733A333A2275726C223B733A31303A22526F6F742F696E646578223B7D693A353B613A323A7B733A353A226C6162656C223B733A31303A224372656469C3A172696F223B733A333A2275726C223B733A31353A2243726564696172696F2F696E646578223B7D7D7D7D),
 ('oapnp6sp5k16lundj2h5su588qrej5u7','::1',1551215103,0x5F5F63695F6C6173745F726567656E65726174657C693A313535313231343935343B7573756172696F7C613A313A7B693A303B613A31303A7B733A323A226964223B733A313A2231223B733A343A226E6F6D65223B733A33303A2246616272C3AD63696F20526F67C3A972696F204C6F7065732052616D6F73223B733A363A22617661746172223B733A31313A2264656661756C742E6A7067223B733A353A22656D61696C223B733A32383A22666162726963696F2E72616D6F732E64657640676D61696C2E636F6D223B733A343A2268617368223B733A33323A226334636134323338613062393233383230646363353039613666373538343962223B733A31303A226465736370657266696C223B733A343A22526F6F74223B733A383A22696470657266696C223B733A313A2231223B733A383A22646573636C6F6A61223B733A363A224C6F6A612042223B733A363A2269646C6F6A61223B733A313A2232223B733A363A22726F75746573223B613A363A7B693A303B613A323A7B733A353A226C6162656C223B733A393A22557375C3A172696F73223B733A333A2275726C223B733A31333A225573756172696F2F696E646578223B7D693A313B613A323A7B733A353A226C6162656C223B733A383A22436C69656E746573223B733A333A2275726C223B733A31333A22436C69656E74652F696E646578223B7D693A323B613A323A7B733A353A226C6162656C223B733A383A2250726F6475746F73223B733A333A2275726C223B733A31333A2250726F6475746F2F696E646578223B7D693A333B613A323A7B733A353A226C6162656C223B733A363A2256656E646173223B733A333A2275726C223B733A31313A2256656E64612F696E646578223B7D693A343B613A323A7B733A353A226C6162656C223B733A343A22526F6F74223B733A333A2275726C223B733A31303A22526F6F742F696E646578223B7D693A353B613A323A7B733A353A226C6162656C223B733A31303A224372656469C3A172696F223B733A333A2275726C223B733A31353A2243726564696172696F2F696E646578223B7D7D7D7D),
 ('oaq8e8tq6jk05lhh4fsrtcnrt3b3q96q','::1',1550952202,0x5F5F63695F6C6173745F726567656E65726174657C693A313535303935313930383B7573756172696F7C613A313A7B693A303B613A31303A7B733A323A226964223B733A313A2231223B733A343A226E6F6D65223B733A33303A2246616272C3AD63696F20526F67C3A972696F204C6F7065732052616D6F73223B733A363A22617661746172223B733A31313A2264656661756C742E6A7067223B733A353A22656D61696C223B733A32383A22666162726963696F2E72616D6F732E64657640676D61696C2E636F6D223B733A343A2268617368223B733A33323A226334636134323338613062393233383230646363353039613666373538343962223B733A31303A226465736370657266696C223B733A343A22526F6F74223B733A383A22696470657266696C223B733A313A2231223B733A383A22646573636C6F6A61223B733A363A224C6F6A612042223B733A363A2269646C6F6A61223B733A313A2232223B733A363A22726F75746573223B613A353A7B693A303B613A323A7B733A353A226C6162656C223B733A393A22557375C3A172696F73223B733A333A2275726C223B733A31333A225573756172696F2F696E646578223B7D693A313B613A323A7B733A353A226C6162656C223B733A383A22436C69656E746573223B733A333A2275726C223B733A31333A22436C69656E74652F696E646578223B7D693A323B613A323A7B733A353A226C6162656C223B733A383A2250726F6475746F73223B733A333A2275726C223B733A31333A2250726F6475746F2F696E646578223B7D693A333B613A323A7B733A353A226C6162656C223B733A363A2256656E646173223B733A333A2275726C223B733A31313A2256656E64612F696E646578223B7D693A343B613A323A7B733A353A226C6162656C223B733A343A22526F6F74223B733A333A2275726C223B733A31303A22526F6F742F696E646578223B7D7D7D7D),
 ('p1hahfqep5a93j7a0c1iv7vv8hs13tsa','::1',1551176619,0x5F5F63695F6C6173745F726567656E65726174657C693A313535313137363336343B7573756172696F7C613A313A7B693A303B613A31303A7B733A323A226964223B733A313A2232223B733A343A226E6F6D65223B733A31333A225573756172696F207465737465223B733A363A22617661746172223B733A31313A2264656661756C742E6A7067223B733A353A22656D61696C223B733A31373A227573756172696F40656D61696C2E636F6D223B733A343A2268617368223B733A33323A226338316537323864396434633266363336663036376638396363313438363263223B733A31303A226465736370657266696C223B733A343A2255736572223B733A383A22696470657266696C223B733A313A2233223B733A383A22646573636C6F6A61223B733A363A224C6F6A612041223B733A363A2269646C6F6A61223B733A313A2231223B733A363A22726F75746573223B613A343A7B693A303B613A323A7B733A353A226C6162656C223B733A393A22557375C3A172696F73223B733A333A2275726C223B733A31333A225573756172696F2F696E646578223B7D693A313B613A323A7B733A353A226C6162656C223B733A383A22436C69656E746573223B733A333A2275726C223B733A31333A22436C69656E74652F696E646578223B7D693A323B613A323A7B733A353A226C6162656C223B733A383A2250726F6475746F73223B733A333A2275726C223B733A31333A2250726F6475746F2F696E646578223B7D693A333B613A323A7B733A353A226C6162656C223B733A363A2256656E646173223B733A333A2275726C223B733A31313A2256656E64612F696E646578223B7D7D7D7D),
 ('pc4l4lc5dpcoha93eorach5qmmc24g58','::1',1551176724,0x5F5F63695F6C6173745F726567656E65726174657C693A313535313137363732343B7573756172696F7C613A313A7B693A303B613A31303A7B733A323A226964223B733A313A2232223B733A343A226E6F6D65223B733A31333A225573756172696F207465737465223B733A363A22617661746172223B733A31313A2264656661756C742E6A7067223B733A353A22656D61696C223B733A31373A227573756172696F40656D61696C2E636F6D223B733A343A2268617368223B733A33323A226338316537323864396434633266363336663036376638396363313438363263223B733A31303A226465736370657266696C223B733A343A2255736572223B733A383A22696470657266696C223B733A313A2233223B733A383A22646573636C6F6A61223B733A363A224C6F6A612041223B733A363A2269646C6F6A61223B733A313A2231223B733A363A22726F75746573223B613A343A7B693A303B613A323A7B733A353A226C6162656C223B733A393A22557375C3A172696F73223B733A333A2275726C223B733A31333A225573756172696F2F696E646578223B7D693A313B613A323A7B733A353A226C6162656C223B733A383A22436C69656E746573223B733A333A2275726C223B733A31333A22436C69656E74652F696E646578223B7D693A323B613A323A7B733A353A226C6162656C223B733A383A2250726F6475746F73223B733A333A2275726C223B733A31333A2250726F6475746F2F696E646578223B7D693A333B613A323A7B733A353A226C6162656C223B733A363A2256656E646173223B733A333A2275726C223B733A31313A2256656E64612F696E646578223B7D7D7D7D),
 ('ptnf05io9ddj2sfn379dfffm59uvo1bo','::1',1551181934,0x5F5F63695F6C6173745F726567656E65726174657C693A313535313138313633373B7573756172696F7C613A313A7B693A303B613A31303A7B733A323A226964223B733A313A2231223B733A343A226E6F6D65223B733A33303A2246616272C3AD63696F20526F67C3A972696F204C6F7065732052616D6F73223B733A363A22617661746172223B733A31313A2264656661756C742E6A7067223B733A353A22656D61696C223B733A32383A22666162726963696F2E72616D6F732E64657640676D61696C2E636F6D223B733A343A2268617368223B733A33323A226334636134323338613062393233383230646363353039613666373538343962223B733A31303A226465736370657266696C223B733A343A22526F6F74223B733A383A22696470657266696C223B733A313A2231223B733A383A22646573636C6F6A61223B733A363A224C6F6A612041223B733A363A2269646C6F6A61223B733A313A2231223B733A363A22726F75746573223B613A353A7B693A303B613A323A7B733A353A226C6162656C223B733A393A22557375C3A172696F73223B733A333A2275726C223B733A31333A225573756172696F2F696E646578223B7D693A313B613A323A7B733A353A226C6162656C223B733A383A22436C69656E746573223B733A333A2275726C223B733A31333A22436C69656E74652F696E646578223B7D693A323B613A323A7B733A353A226C6162656C223B733A383A2250726F6475746F73223B733A333A2275726C223B733A31333A2250726F6475746F2F696E646578223B7D693A333B613A323A7B733A353A226C6162656C223B733A363A2256656E646173223B733A333A2275726C223B733A31313A2256656E64612F696E646578223B7D693A343B613A323A7B733A353A226C6162656C223B733A343A22526F6F74223B733A333A2275726C223B733A31303A22526F6F742F696E646578223B7D7D7D7D6E6F7466797C613A333A7B733A343A2274797065223B733A373A2273756363657373223B733A353A227469746C65223B733A383A2253722E20526F6F74223B733A333A226D7367223B733A33343A223A29202D2041636573736F206C6962657261646F20636F6D207375636573736F2021223B7D5F5F63695F766172737C613A313A7B733A353A226E6F746679223B733A333A226F6C64223B7D),
 ('qc5llbrpq3mf1fe5ermr445tolbv91fh','::1',1551126386,0x5F5F63695F6C6173745F726567656E65726174657C693A313535313132363131303B7573756172696F7C613A313A7B693A303B613A31303A7B733A323A226964223B733A313A2231223B733A343A226E6F6D65223B733A33303A2246616272C3AD63696F20526F67C3A972696F204C6F7065732052616D6F73223B733A363A22617661746172223B733A31313A2264656661756C742E6A7067223B733A353A22656D61696C223B733A32383A22666162726963696F2E72616D6F732E64657640676D61696C2E636F6D223B733A343A2268617368223B733A33323A226334636134323338613062393233383230646363353039613666373538343962223B733A31303A226465736370657266696C223B733A343A22526F6F74223B733A383A22696470657266696C223B733A313A2231223B733A383A22646573636C6F6A61223B733A363A224C6F6A612042223B733A363A2269646C6F6A61223B733A313A2232223B733A363A22726F75746573223B613A353A7B693A303B613A323A7B733A353A226C6162656C223B733A393A22557375C3A172696F73223B733A333A2275726C223B733A31333A225573756172696F2F696E646578223B7D693A313B613A323A7B733A353A226C6162656C223B733A383A22436C69656E746573223B733A333A2275726C223B733A31333A22436C69656E74652F696E646578223B7D693A323B613A323A7B733A353A226C6162656C223B733A383A2250726F6475746F73223B733A333A2275726C223B733A31333A2250726F6475746F2F696E646578223B7D693A333B613A323A7B733A353A226C6162656C223B733A363A2256656E646173223B733A333A2275726C223B733A31313A2256656E64612F696E646578223B7D693A343B613A323A7B733A353A226C6162656C223B733A343A22526F6F74223B733A333A2275726C223B733A31303A22526F6F742F696E646578223B7D7D7D7D),
 ('qc7lfrfcpf9m5bles2pnulsikrirgp6p','::1',1550949769,0x5F5F63695F6C6173745F726567656E65726174657C693A313535303934393539383B7573756172696F7C613A313A7B693A303B613A31303A7B733A323A226964223B733A313A2231223B733A343A226E6F6D65223B733A33303A2246616272C3AD63696F20526F67C3A972696F204C6F7065732052616D6F73223B733A363A22617661746172223B733A31313A2264656661756C742E6A7067223B733A353A22656D61696C223B733A32383A22666162726963696F2E72616D6F732E64657640676D61696C2E636F6D223B733A343A2268617368223B733A33323A226334636134323338613062393233383230646363353039613666373538343962223B733A31303A226465736370657266696C223B733A343A22526F6F74223B733A383A22696470657266696C223B733A313A2231223B733A383A22646573636C6F6A61223B733A363A224C6F6A612042223B733A363A2269646C6F6A61223B733A313A2232223B733A363A22726F75746573223B613A353A7B693A303B613A323A7B733A353A226C6162656C223B733A393A22557375C3A172696F73223B733A333A2275726C223B733A31333A225573756172696F2F696E646578223B7D693A313B613A323A7B733A353A226C6162656C223B733A383A22436C69656E746573223B733A333A2275726C223B733A31333A22436C69656E74652F696E646578223B7D693A323B613A323A7B733A353A226C6162656C223B733A383A2250726F6475746F73223B733A333A2275726C223B733A31333A2250726F6475746F2F696E646578223B7D693A333B613A323A7B733A353A226C6162656C223B733A363A2256656E646173223B733A333A2275726C223B733A31313A2256656E64612F696E646578223B7D693A343B613A323A7B733A353A226C6162656C223B733A343A22526F6F74223B733A333A2275726C223B733A31303A22526F6F742F696E646578223B7D7D7D7D),
 ('qfekfudia10jmimnbrc0106ek38u91ec','::1',1551130185,0x5F5F63695F6C6173745F726567656E65726174657C693A313535313132393839313B7573756172696F7C613A313A7B693A303B613A31303A7B733A323A226964223B733A313A2231223B733A343A226E6F6D65223B733A33303A2246616272C3AD63696F20526F67C3A972696F204C6F7065732052616D6F73223B733A363A22617661746172223B733A31313A2264656661756C742E6A7067223B733A353A22656D61696C223B733A32383A22666162726963696F2E72616D6F732E64657640676D61696C2E636F6D223B733A343A2268617368223B733A33323A226334636134323338613062393233383230646363353039613666373538343962223B733A31303A226465736370657266696C223B733A343A22526F6F74223B733A383A22696470657266696C223B733A313A2231223B733A383A22646573636C6F6A61223B733A363A224C6F6A612042223B733A363A2269646C6F6A61223B733A313A2232223B733A363A22726F75746573223B613A353A7B693A303B613A323A7B733A353A226C6162656C223B733A393A22557375C3A172696F73223B733A333A2275726C223B733A31333A225573756172696F2F696E646578223B7D693A313B613A323A7B733A353A226C6162656C223B733A383A22436C69656E746573223B733A333A2275726C223B733A31333A22436C69656E74652F696E646578223B7D693A323B613A323A7B733A353A226C6162656C223B733A383A2250726F6475746F73223B733A333A2275726C223B733A31333A2250726F6475746F2F696E646578223B7D693A333B613A323A7B733A353A226C6162656C223B733A363A2256656E646173223B733A333A2275726C223B733A31313A2256656E64612F696E646578223B7D693A343B613A323A7B733A353A226C6162656C223B733A343A22526F6F74223B733A333A2275726C223B733A31303A22526F6F742F696E646578223B7D7D7D7D),
 ('qkkacvejns8ed50vglfu11u0o8p15urh','::1',1550960908,0x5F5F63695F6C6173745F726567656E65726174657C693A313535303936303637323B7573756172696F7C613A313A7B693A303B613A31303A7B733A323A226964223B733A313A2231223B733A343A226E6F6D65223B733A33303A2246616272C3AD63696F20526F67C3A972696F204C6F7065732052616D6F73223B733A363A22617661746172223B733A31313A2264656661756C742E6A7067223B733A353A22656D61696C223B733A32383A22666162726963696F2E72616D6F732E64657640676D61696C2E636F6D223B733A343A2268617368223B733A33323A226334636134323338613062393233383230646363353039613666373538343962223B733A31303A226465736370657266696C223B733A343A22526F6F74223B733A383A22696470657266696C223B733A313A2231223B733A383A22646573636C6F6A61223B733A363A224C6F6A612042223B733A363A2269646C6F6A61223B733A313A2232223B733A363A22726F75746573223B613A353A7B693A303B613A323A7B733A353A226C6162656C223B733A393A22557375C3A172696F73223B733A333A2275726C223B733A31333A225573756172696F2F696E646578223B7D693A313B613A323A7B733A353A226C6162656C223B733A383A22436C69656E746573223B733A333A2275726C223B733A31333A22436C69656E74652F696E646578223B7D693A323B613A323A7B733A353A226C6162656C223B733A383A2250726F6475746F73223B733A333A2275726C223B733A31333A2250726F6475746F2F696E646578223B7D693A333B613A323A7B733A353A226C6162656C223B733A363A2256656E646173223B733A333A2275726C223B733A31313A2256656E64612F696E646578223B7D693A343B613A323A7B733A353A226C6162656C223B733A343A22526F6F74223B733A333A2275726C223B733A31303A22526F6F742F696E646578223B7D7D7D7D),
 ('rhr1cum8n4q4fikebs9j6fqdn9dpo4cd','::1',1550950444,0x5F5F63695F6C6173745F726567656E65726174657C693A313535303935303238323B7573756172696F7C613A313A7B693A303B613A31303A7B733A323A226964223B733A313A2231223B733A343A226E6F6D65223B733A33303A2246616272C3AD63696F20526F67C3A972696F204C6F7065732052616D6F73223B733A363A22617661746172223B733A31313A2264656661756C742E6A7067223B733A353A22656D61696C223B733A32383A22666162726963696F2E72616D6F732E64657640676D61696C2E636F6D223B733A343A2268617368223B733A33323A226334636134323338613062393233383230646363353039613666373538343962223B733A31303A226465736370657266696C223B733A343A22526F6F74223B733A383A22696470657266696C223B733A313A2231223B733A383A22646573636C6F6A61223B733A363A224C6F6A612042223B733A363A2269646C6F6A61223B733A313A2232223B733A363A22726F75746573223B613A353A7B693A303B613A323A7B733A353A226C6162656C223B733A393A22557375C3A172696F73223B733A333A2275726C223B733A31333A225573756172696F2F696E646578223B7D693A313B613A323A7B733A353A226C6162656C223B733A383A22436C69656E746573223B733A333A2275726C223B733A31333A22436C69656E74652F696E646578223B7D693A323B613A323A7B733A353A226C6162656C223B733A383A2250726F6475746F73223B733A333A2275726C223B733A31333A2250726F6475746F2F696E646578223B7D693A333B613A323A7B733A353A226C6162656C223B733A363A2256656E646173223B733A333A2275726C223B733A31313A2256656E64612F696E646578223B7D693A343B613A323A7B733A353A226C6162656C223B733A343A22526F6F74223B733A333A2275726C223B733A31303A22526F6F742F696E646578223B7D7D7D7D),
 ('rj442m4pofrorvnuum8nq7ensu0i5odm','::1',1550950924,0x5F5F63695F6C6173745F726567656E65726174657C693A313535303935303632373B7573756172696F7C613A313A7B693A303B613A31303A7B733A323A226964223B733A313A2231223B733A343A226E6F6D65223B733A33303A2246616272C3AD63696F20526F67C3A972696F204C6F7065732052616D6F73223B733A363A22617661746172223B733A31313A2264656661756C742E6A7067223B733A353A22656D61696C223B733A32383A22666162726963696F2E72616D6F732E64657640676D61696C2E636F6D223B733A343A2268617368223B733A33323A226334636134323338613062393233383230646363353039613666373538343962223B733A31303A226465736370657266696C223B733A343A22526F6F74223B733A383A22696470657266696C223B733A313A2231223B733A383A22646573636C6F6A61223B733A363A224C6F6A612042223B733A363A2269646C6F6A61223B733A313A2232223B733A363A22726F75746573223B613A353A7B693A303B613A323A7B733A353A226C6162656C223B733A393A22557375C3A172696F73223B733A333A2275726C223B733A31333A225573756172696F2F696E646578223B7D693A313B613A323A7B733A353A226C6162656C223B733A383A22436C69656E746573223B733A333A2275726C223B733A31333A22436C69656E74652F696E646578223B7D693A323B613A323A7B733A353A226C6162656C223B733A383A2250726F6475746F73223B733A333A2275726C223B733A31333A2250726F6475746F2F696E646578223B7D693A333B613A323A7B733A353A226C6162656C223B733A363A2256656E646173223B733A333A2275726C223B733A31313A2256656E64612F696E646578223B7D693A343B613A323A7B733A353A226C6162656C223B733A343A22526F6F74223B733A333A2275726C223B733A31303A22526F6F742F696E646578223B7D7D7D7D),
 ('rqel4esh0psv67b8jit791lepk6kfmdj','::1',1550957391,0x5F5F63695F6C6173745F726567656E65726174657C693A313535303935373237373B7573756172696F7C613A313A7B693A303B613A31303A7B733A323A226964223B733A313A2231223B733A343A226E6F6D65223B733A33303A2246616272C3AD63696F20526F67C3A972696F204C6F7065732052616D6F73223B733A363A22617661746172223B733A31313A2264656661756C742E6A7067223B733A353A22656D61696C223B733A32383A22666162726963696F2E72616D6F732E64657640676D61696C2E636F6D223B733A343A2268617368223B733A33323A226334636134323338613062393233383230646363353039613666373538343962223B733A31303A226465736370657266696C223B733A343A22526F6F74223B733A383A22696470657266696C223B733A313A2231223B733A383A22646573636C6F6A61223B733A363A224C6F6A612042223B733A363A2269646C6F6A61223B733A313A2232223B733A363A22726F75746573223B613A353A7B693A303B613A323A7B733A353A226C6162656C223B733A393A22557375C3A172696F73223B733A333A2275726C223B733A31333A225573756172696F2F696E646578223B7D693A313B613A323A7B733A353A226C6162656C223B733A383A22436C69656E746573223B733A333A2275726C223B733A31333A22436C69656E74652F696E646578223B7D693A323B613A323A7B733A353A226C6162656C223B733A383A2250726F6475746F73223B733A333A2275726C223B733A31333A2250726F6475746F2F696E646578223B7D693A333B613A323A7B733A353A226C6162656C223B733A363A2256656E646173223B733A333A2275726C223B733A31313A2256656E64612F696E646578223B7D693A343B613A323A7B733A353A226C6162656C223B733A343A22526F6F74223B733A333A2275726C223B733A31303A22526F6F742F696E646578223B7D7D7D7D),
 ('rv62qnbr6ihdujb0q61psjmoonab37ln','::1',1551215923,0x5F5F63695F6C6173745F726567656E65726174657C693A313535313231353839313B7573756172696F7C613A313A7B693A303B613A31303A7B733A323A226964223B733A313A2231223B733A343A226E6F6D65223B733A33303A2246616272C3AD63696F20526F67C3A972696F204C6F7065732052616D6F73223B733A363A22617661746172223B733A31313A2264656661756C742E6A7067223B733A353A22656D61696C223B733A32383A22666162726963696F2E72616D6F732E64657640676D61696C2E636F6D223B733A343A2268617368223B733A33323A226334636134323338613062393233383230646363353039613666373538343962223B733A31303A226465736370657266696C223B733A343A22526F6F74223B733A383A22696470657266696C223B733A313A2231223B733A383A22646573636C6F6A61223B733A363A224C6F6A612042223B733A363A2269646C6F6A61223B733A313A2232223B733A363A22726F75746573223B613A363A7B693A303B613A323A7B733A353A226C6162656C223B733A393A22557375C3A172696F73223B733A333A2275726C223B733A31333A225573756172696F2F696E646578223B7D693A313B613A323A7B733A353A226C6162656C223B733A383A22436C69656E746573223B733A333A2275726C223B733A31333A22436C69656E74652F696E646578223B7D693A323B613A323A7B733A353A226C6162656C223B733A383A2250726F6475746F73223B733A333A2275726C223B733A31333A2250726F6475746F2F696E646578223B7D693A333B613A323A7B733A353A226C6162656C223B733A363A2256656E646173223B733A333A2275726C223B733A31313A2256656E64612F696E646578223B7D693A343B613A323A7B733A353A226C6162656C223B733A343A22526F6F74223B733A333A2275726C223B733A31303A22526F6F742F696E646578223B7D693A353B613A323A7B733A353A226C6162656C223B733A31303A224372656469C3A172696F223B733A333A2275726C223B733A31353A2243726564696172696F2F696E646578223B7D7D7D7D),
 ('sfvt91on4mgl2prioh8hlkdrac8dc2f6','::1',1551129349,0x5F5F63695F6C6173745F726567656E65726174657C693A313535313132393034393B7573756172696F7C613A313A7B693A303B613A31303A7B733A323A226964223B733A313A2231223B733A343A226E6F6D65223B733A33303A2246616272C3AD63696F20526F67C3A972696F204C6F7065732052616D6F73223B733A363A22617661746172223B733A31313A2264656661756C742E6A7067223B733A353A22656D61696C223B733A32383A22666162726963696F2E72616D6F732E64657640676D61696C2E636F6D223B733A343A2268617368223B733A33323A226334636134323338613062393233383230646363353039613666373538343962223B733A31303A226465736370657266696C223B733A343A22526F6F74223B733A383A22696470657266696C223B733A313A2231223B733A383A22646573636C6F6A61223B733A363A224C6F6A612042223B733A363A2269646C6F6A61223B733A313A2232223B733A363A22726F75746573223B613A353A7B693A303B613A323A7B733A353A226C6162656C223B733A393A22557375C3A172696F73223B733A333A2275726C223B733A31333A225573756172696F2F696E646578223B7D693A313B613A323A7B733A353A226C6162656C223B733A383A22436C69656E746573223B733A333A2275726C223B733A31333A22436C69656E74652F696E646578223B7D693A323B613A323A7B733A353A226C6162656C223B733A383A2250726F6475746F73223B733A333A2275726C223B733A31333A2250726F6475746F2F696E646578223B7D693A333B613A323A7B733A353A226C6162656C223B733A363A2256656E646173223B733A333A2275726C223B733A31313A2256656E64612F696E646578223B7D693A343B613A323A7B733A353A226C6162656C223B733A343A22526F6F74223B733A333A2275726C223B733A31303A22526F6F742F696E646578223B7D7D7D7D),
 ('shs1ff09ovovgt7a8sdag5hamiho5ltk','::1',1550959742,0x5F5F63695F6C6173745F726567656E65726174657C693A313535303935393438383B7573756172696F7C613A313A7B693A303B613A31303A7B733A323A226964223B733A313A2231223B733A343A226E6F6D65223B733A33303A2246616272C3AD63696F20526F67C3A972696F204C6F7065732052616D6F73223B733A363A22617661746172223B733A31313A2264656661756C742E6A7067223B733A353A22656D61696C223B733A32383A22666162726963696F2E72616D6F732E64657640676D61696C2E636F6D223B733A343A2268617368223B733A33323A226334636134323338613062393233383230646363353039613666373538343962223B733A31303A226465736370657266696C223B733A343A22526F6F74223B733A383A22696470657266696C223B733A313A2231223B733A383A22646573636C6F6A61223B733A363A224C6F6A612042223B733A363A2269646C6F6A61223B733A313A2232223B733A363A22726F75746573223B613A353A7B693A303B613A323A7B733A353A226C6162656C223B733A393A22557375C3A172696F73223B733A333A2275726C223B733A31333A225573756172696F2F696E646578223B7D693A313B613A323A7B733A353A226C6162656C223B733A383A22436C69656E746573223B733A333A2275726C223B733A31333A22436C69656E74652F696E646578223B7D693A323B613A323A7B733A353A226C6162656C223B733A383A2250726F6475746F73223B733A333A2275726C223B733A31333A2250726F6475746F2F696E646578223B7D693A333B613A323A7B733A353A226C6162656C223B733A363A2256656E646173223B733A333A2275726C223B733A31313A2256656E64612F696E646578223B7D693A343B613A323A7B733A353A226C6162656C223B733A343A22526F6F74223B733A333A2275726C223B733A31303A22526F6F742F696E646578223B7D7D7D7D),
 ('t67rp72qub5ghugh8r29f81tn8oongg4','::1',1551131022,0x5F5F63695F6C6173745F726567656E65726174657C693A313535313133303733333B7573756172696F7C613A313A7B693A303B613A31303A7B733A323A226964223B733A313A2231223B733A343A226E6F6D65223B733A33303A2246616272C3AD63696F20526F67C3A972696F204C6F7065732052616D6F73223B733A363A22617661746172223B733A31313A2264656661756C742E6A7067223B733A353A22656D61696C223B733A32383A22666162726963696F2E72616D6F732E64657640676D61696C2E636F6D223B733A343A2268617368223B733A33323A226334636134323338613062393233383230646363353039613666373538343962223B733A31303A226465736370657266696C223B733A343A22526F6F74223B733A383A22696470657266696C223B733A313A2231223B733A383A22646573636C6F6A61223B733A363A224C6F6A612042223B733A363A2269646C6F6A61223B733A313A2232223B733A363A22726F75746573223B613A353A7B693A303B613A323A7B733A353A226C6162656C223B733A393A22557375C3A172696F73223B733A333A2275726C223B733A31333A225573756172696F2F696E646578223B7D693A313B613A323A7B733A353A226C6162656C223B733A383A22436C69656E746573223B733A333A2275726C223B733A31333A22436C69656E74652F696E646578223B7D693A323B613A323A7B733A353A226C6162656C223B733A383A2250726F6475746F73223B733A333A2275726C223B733A31333A2250726F6475746F2F696E646578223B7D693A333B613A323A7B733A353A226C6162656C223B733A363A2256656E646173223B733A333A2275726C223B733A31313A2256656E64612F696E646578223B7D693A343B613A323A7B733A353A226C6162656C223B733A343A22526F6F74223B733A333A2275726C223B733A31303A22526F6F742F696E646578223B7D7D7D7D),
 ('t89b4u05bvddc2vga07d6c2rrooufavp','::1',1550962903,0x5F5F63695F6C6173745F726567656E65726174657C693A313535303936323930333B7573756172696F7C613A313A7B693A303B613A31303A7B733A323A226964223B733A313A2231223B733A343A226E6F6D65223B733A33303A2246616272C3AD63696F20526F67C3A972696F204C6F7065732052616D6F73223B733A363A22617661746172223B733A31313A2264656661756C742E6A7067223B733A353A22656D61696C223B733A32383A22666162726963696F2E72616D6F732E64657640676D61696C2E636F6D223B733A343A2268617368223B733A33323A226334636134323338613062393233383230646363353039613666373538343962223B733A31303A226465736370657266696C223B733A343A22526F6F74223B733A383A22696470657266696C223B733A313A2231223B733A383A22646573636C6F6A61223B733A363A224C6F6A612042223B733A363A2269646C6F6A61223B733A313A2232223B733A363A22726F75746573223B613A353A7B693A303B613A323A7B733A353A226C6162656C223B733A393A22557375C3A172696F73223B733A333A2275726C223B733A31333A225573756172696F2F696E646578223B7D693A313B613A323A7B733A353A226C6162656C223B733A383A22436C69656E746573223B733A333A2275726C223B733A31333A22436C69656E74652F696E646578223B7D693A323B613A323A7B733A353A226C6162656C223B733A383A2250726F6475746F73223B733A333A2275726C223B733A31333A2250726F6475746F2F696E646578223B7D693A333B613A323A7B733A353A226C6162656C223B733A363A2256656E646173223B733A333A2275726C223B733A31313A2256656E64612F696E646578223B7D693A343B613A323A7B733A353A226C6162656C223B733A343A22526F6F74223B733A333A2275726C223B733A31303A22526F6F742F696E646578223B7D7D7D7D),
 ('vjiphkvcss37e6b7pmb7al0esv0mesot','::1',1551213188,0x5F5F63695F6C6173745F726567656E65726174657C693A313535313231333138373B7573756172696F7C613A313A7B693A303B613A31303A7B733A323A226964223B733A313A2231223B733A343A226E6F6D65223B733A33303A2246616272C3AD63696F20526F67C3A972696F204C6F7065732052616D6F73223B733A363A22617661746172223B733A31313A2264656661756C742E6A7067223B733A353A22656D61696C223B733A32383A22666162726963696F2E72616D6F732E64657640676D61696C2E636F6D223B733A343A2268617368223B733A33323A226334636134323338613062393233383230646363353039613666373538343962223B733A31303A226465736370657266696C223B733A343A22526F6F74223B733A383A22696470657266696C223B733A313A2231223B733A383A22646573636C6F6A61223B733A363A224C6F6A612041223B733A363A2269646C6F6A61223B733A313A2231223B733A363A22726F75746573223B613A353A7B693A303B613A323A7B733A353A226C6162656C223B733A393A22557375C3A172696F73223B733A333A2275726C223B733A31333A225573756172696F2F696E646578223B7D693A313B613A323A7B733A353A226C6162656C223B733A383A22436C69656E746573223B733A333A2275726C223B733A31333A22436C69656E74652F696E646578223B7D693A323B613A323A7B733A353A226C6162656C223B733A383A2250726F6475746F73223B733A333A2275726C223B733A31333A2250726F6475746F2F696E646578223B7D693A333B613A323A7B733A353A226C6162656C223B733A363A2256656E646173223B733A333A2275726C223B733A31313A2256656E64612F696E646578223B7D693A343B613A323A7B733A353A226C6162656C223B733A343A22526F6F74223B733A333A2275726C223B733A31303A22526F6F742F696E646578223B7D7D7D7D);
/*!40000 ALTER TABLE `ci_sessions` ENABLE KEYS */;


--
-- Definition of table `cliente`
--

DROP TABLE IF EXISTS `cliente`;
CREATE TABLE `cliente` (
  `id` int(11) NOT NULL AUTO_INCREMENT,
  `nome` varchar(255) CHARACTER SET latin1 DEFAULT NULL,
  `endereco` text CHARACTER SET latin1 DEFAULT NULL,
  `cpf` varchar(11) CHARACTER SET latin1 DEFAULT NULL,
  `telCel` varchar(255) CHARACTER SET latin1 DEFAULT NULL,
  `whatsapp` varchar(255) COLLATE latin1_bin DEFAULT NULL,
  `telOut` varchar(255) CHARACTER SET latin1 DEFAULT NULL,
  `email` varchar(255) CHARACTER SET latin1 DEFAULT NULL,
  `sexo` varchar(2) CHARACTER SET latin1 DEFAULT NULL,
  `datanasc` date DEFAULT NULL,
  `observacao` text CHARACTER SET latin1 DEFAULT NULL,
  `registro` timestamp NOT NULL DEFAULT current_timestamp(),
  `status` tinyint(4) NOT NULL DEFAULT 1,
  PRIMARY KEY (`id`)
) ENGINE=InnoDB AUTO_INCREMENT=2 DEFAULT CHARSET=latin1 COLLATE=latin1_bin;

--
-- Dumping data for table `cliente`
--

/*!40000 ALTER TABLE `cliente` DISABLE KEYS */;
INSERT INTO `cliente` (`id`,`nome`,`endereco`,`cpf`,`telCel`,`whatsapp`,`telOut`,`email`,`sexo`,`datanasc`,`observacao`,`registro`,`status`) VALUES 
 (1,'Fabrcio Rogrio Lopes Ramos','Logradouro: , N:\r\nBairro: \r\nCidade: Botucatu\r\nComplemento:\r\nEstado: SP\r\nCEP:','311.136.588','(14) 99762-4991',0x68747470733A2F2F6170692E77686174736170702E636F6D2F73656E643F70686F6E653D303535313439393736323439393126746578743D4F6CC3A12C46616272C3AD63696F20526F67C3A972696F204C6F7065732052616D6F73,'(15)555555555','fabricio@emai.com','F','1985-07-14','Sem comentarios','2019-02-04 20:38:43',1);
/*!40000 ALTER TABLE `cliente` ENABLE KEYS */;


--
-- Definition of table `estoque`
--

DROP TABLE IF EXISTS `estoque`;
CREATE TABLE `estoque` (
  `id` int(11) NOT NULL AUTO_INCREMENT,
  `produto` int(11) NOT NULL,
  `input` int(11) NOT NULL DEFAULT 0,
  `output` int(11) NOT NULL DEFAULT 0,
  `balance` int(11) DEFAULT NULL,
  `usuario` varchar(255) CHARACTER SET latin1 DEFAULT NULL,
  `registro` timestamp NOT NULL DEFAULT current_timestamp(),
  `status` tinyint(4) NOT NULL DEFAULT 1,
  PRIMARY KEY (`id`),
  KEY `fk_estoque_produto1_idx` (`produto`),
  CONSTRAINT `fk_estoque_produto1` FOREIGN KEY (`produto`) REFERENCES `produto` (`id`) ON DELETE CASCADE ON UPDATE CASCADE
) ENGINE=InnoDB AUTO_INCREMENT=18 DEFAULT CHARSET=latin1 COLLATE=latin1_bin;

--
-- Dumping data for table `estoque`
--

/*!40000 ALTER TABLE `estoque` DISABLE KEYS */;
INSERT INTO `estoque` (`id`,`produto`,`input`,`output`,`balance`,`usuario`,`registro`,`status`) VALUES 
 (11,8,40,0,40,'1','2019-02-05 06:02:15',1),
 (12,9,80,0,80,'1','2019-02-05 06:02:39',1),
 (13,10,50,0,50,'1','2019-02-05 06:03:03',1),
 (14,11,52,0,52,'1','2019-02-05 06:03:33',1),
 (15,12,50,0,50,'1','2019-02-05 06:04:04',1),
 (16,13,100,0,100,'1','2019-02-05 06:04:32',1),
 (17,14,23,0,23,'1','2019-02-05 06:05:16',1);
/*!40000 ALTER TABLE `estoque` ENABLE KEYS */;


--
-- Definition of table `forma_pagamento`
--

DROP TABLE IF EXISTS `forma_pagamento`;
CREATE TABLE `forma_pagamento` (
  `id` int(11) NOT NULL AUTO_INCREMENT,
  `descricao` varchar(255) COLLATE latin1_bin DEFAULT NULL,
  `status` tinyint(4) NOT NULL DEFAULT 1,
  `registro` timestamp NOT NULL DEFAULT current_timestamp(),
  PRIMARY KEY (`id`)
) ENGINE=InnoDB AUTO_INCREMENT=5 DEFAULT CHARSET=latin1 COLLATE=latin1_bin;

--
-- Dumping data for table `forma_pagamento`
--

/*!40000 ALTER TABLE `forma_pagamento` DISABLE KEYS */;
INSERT INTO `forma_pagamento` (`id`,`descricao`,`status`,`registro`) VALUES 
 (1,0x44696E686569726F,1,'2019-02-16 07:05:50'),
 (2,0x43617274C3A36F204372C3A96469746F,1,'2019-02-16 07:05:50'),
 (3,0x43617274C3A36F2044C3A96269746F,1,'2019-02-16 07:05:50'),
 (4,0x4372656469C3A172696F204C6F6A61,1,'2019-02-16 07:05:50');
/*!40000 ALTER TABLE `forma_pagamento` ENABLE KEYS */;


--
-- Definition of table `log_acesso`
--

DROP TABLE IF EXISTS `log_acesso`;
CREATE TABLE `log_acesso` (
  `id` int(11) NOT NULL AUTO_INCREMENT,
  `usuario_id` int(11) NOT NULL,
  `registro` timestamp NULL DEFAULT current_timestamp(),
  PRIMARY KEY (`id`),
  KEY `fk_log_acesso_usuario_idx` (`usuario_id`),
  CONSTRAINT `fk_log_acesso_usuario` FOREIGN KEY (`usuario_id`) REFERENCES `usuario` (`id`) ON DELETE CASCADE ON UPDATE CASCADE
) ENGINE=InnoDB DEFAULT CHARSET=latin1 COLLATE=latin1_bin;

--
-- Dumping data for table `log_acesso`
--

/*!40000 ALTER TABLE `log_acesso` DISABLE KEYS */;
/*!40000 ALTER TABLE `log_acesso` ENABLE KEYS */;


--
-- Definition of table `log_query`
--

DROP TABLE IF EXISTS `log_query`;
CREATE TABLE `log_query` (
  `id` int(11) NOT NULL AUTO_INCREMENT,
  `log` text CHARACTER SET latin1 DEFAULT NULL,
  `registro` timestamp NULL DEFAULT current_timestamp(),
  PRIMARY KEY (`id`)
) ENGINE=InnoDB DEFAULT CHARSET=latin1 COLLATE=latin1_bin;

--
-- Dumping data for table `log_query`
--

/*!40000 ALTER TABLE `log_query` DISABLE KEYS */;
/*!40000 ALTER TABLE `log_query` ENABLE KEYS */;


--
-- Definition of table `loja`
--

DROP TABLE IF EXISTS `loja`;
CREATE TABLE `loja` (
  `id` int(11) NOT NULL AUTO_INCREMENT,
  `descricao` varchar(255) CHARACTER SET latin1 DEFAULT NULL,
  `registro` timestamp NOT NULL DEFAULT current_timestamp(),
  `status` tinyint(4) NOT NULL DEFAULT 1,
  PRIMARY KEY (`id`)
) ENGINE=InnoDB AUTO_INCREMENT=4 DEFAULT CHARSET=latin1 COLLATE=latin1_bin;

--
-- Dumping data for table `loja`
--

/*!40000 ALTER TABLE `loja` DISABLE KEYS */;
INSERT INTO `loja` (`id`,`descricao`,`registro`,`status`) VALUES 
 (1,'Loja A','2019-01-18 06:05:47',1),
 (2,'Loja B','2019-01-18 06:05:47',1),
 (3,'LojaC','2019-01-18 06:05:47',1);
/*!40000 ALTER TABLE `loja` ENABLE KEYS */;


--
-- Definition of table `perfil`
--

DROP TABLE IF EXISTS `perfil`;
CREATE TABLE `perfil` (
  `id` int(11) NOT NULL AUTO_INCREMENT,
  `descricao` varchar(255) CHARACTER SET latin1 DEFAULT NULL,
  `registro` timestamp NOT NULL DEFAULT current_timestamp(),
  `status` tinyint(4) NOT NULL DEFAULT 1,
  PRIMARY KEY (`id`)
) ENGINE=InnoDB AUTO_INCREMENT=4 DEFAULT CHARSET=latin1 COLLATE=latin1_bin;

--
-- Dumping data for table `perfil`
--

/*!40000 ALTER TABLE `perfil` DISABLE KEYS */;
INSERT INTO `perfil` (`id`,`descricao`,`registro`,`status`) VALUES 
 (1,'Root','2019-01-17 15:11:25',1),
 (2,'Admin','2019-01-17 15:11:25',1),
 (3,'User','2019-01-17 15:11:25',1);
/*!40000 ALTER TABLE `perfil` ENABLE KEYS */;


--
-- Definition of table `perfil_acessa_routes`
--

DROP TABLE IF EXISTS `perfil_acessa_routes`;
CREATE TABLE `perfil_acessa_routes` (
  `perfil` int(11) NOT NULL,
  `routes` int(11) NOT NULL,
  `registro` timestamp NOT NULL DEFAULT current_timestamp(),
  `status` tinyint(4) NOT NULL DEFAULT 1,
  PRIMARY KEY (`perfil`,`routes`),
  KEY `fk_perfil_has_routes_routes1_idx` (`routes`),
  KEY `fk_perfil_has_routes_perfil1_idx` (`perfil`),
  CONSTRAINT `fk_perfil_has_routes_perfil1` FOREIGN KEY (`perfil`) REFERENCES `perfil` (`id`) ON DELETE CASCADE ON UPDATE CASCADE,
  CONSTRAINT `fk_perfil_has_routes_routes1` FOREIGN KEY (`routes`) REFERENCES `routes` (`id`) ON DELETE CASCADE ON UPDATE CASCADE
) ENGINE=InnoDB DEFAULT CHARSET=latin1 COLLATE=latin1_bin;

--
-- Dumping data for table `perfil_acessa_routes`
--

/*!40000 ALTER TABLE `perfil_acessa_routes` DISABLE KEYS */;
INSERT INTO `perfil_acessa_routes` (`perfil`,`routes`,`registro`,`status`) VALUES 
 (1,1,'2019-01-18 07:23:00',1),
 (1,2,'2019-01-18 07:23:00',1),
 (1,3,'2019-01-18 07:58:14',1),
 (1,4,'2019-01-18 08:33:28',1),
 (1,5,'2019-01-19 09:06:54',1),
 (1,6,'2019-01-19 09:33:15',1),
 (1,7,'2019-01-19 16:03:19',1),
 (1,8,'2019-01-19 16:48:07',1),
 (1,9,'2019-01-19 17:39:56',1),
 (1,10,'2019-01-19 19:07:55',1),
 (1,11,'2019-01-19 19:29:21',1),
 (1,12,'2019-01-21 07:03:21',1),
 (1,13,'2019-01-21 07:36:46',1),
 (1,14,'2019-01-21 07:55:47',1),
 (1,15,'2019-01-21 08:11:23',1),
 (1,16,'2019-01-21 08:17:00',1),
 (1,17,'2019-01-21 13:29:05',1),
 (1,18,'2019-01-21 13:56:08',1),
 (1,19,'2019-01-21 16:58:12',1),
 (1,20,'2019-01-22 06:06:34',1),
 (1,21,'2019-01-22 06:20:36',1),
 (1,22,'2019-01-22 06:47:56',1),
 (1,23,'2019-01-23 07:50:55',1),
 (1,24,'2019-01-23 16:37:12',1),
 (1,25,'2019-01-23 19:22:32',1),
 (1,26,'2019-01-24 06:33:25',1),
 (1,27,'2019-01-24 14:05:46',1),
 (1,28,'2019-01-24 14:22:33',1),
 (1,29,'2019-01-24 15:37:53',1),
 (1,30,'2019-01-24 15:58:54',1),
 (1,31,'2019-01-24 16:13:47',1),
 (1,32,'2019-02-05 07:19:15',1),
 (1,33,'2019-02-11 07:45:18',1),
 (1,34,'2019-02-22 06:12:59',1),
 (1,35,'2019-02-23 14:08:25',1),
 (1,36,'2019-02-26 17:38:25',1),
 (1,37,'2019-02-26 18:18:20',1),
 (2,1,'2019-02-26 18:18:20',1),
 (2,2,'2019-02-26 18:18:20',1),
 (2,3,'2019-02-26 18:18:20',1),
 (2,4,'2019-02-26 18:18:20',1),
 (2,5,'2019-02-26 18:18:20',1),
 (2,6,'2019-02-26 18:18:20',1),
 (2,7,'2019-02-26 18:18:20',1),
 (2,8,'2019-02-26 18:18:20',1),
 (2,9,'2019-02-26 18:18:20',1),
 (2,10,'2019-02-26 18:18:20',1),
 (2,11,'2019-02-26 18:18:20',1),
 (2,12,'2019-02-26 18:18:20',1),
 (2,13,'2019-02-26 18:18:20',1),
 (2,14,'2019-02-26 18:18:20',1),
 (2,15,'2019-02-26 18:18:20',1),
 (2,16,'2019-02-26 18:18:20',1),
 (2,17,'2019-02-26 18:18:20',1),
 (2,18,'2019-02-26 18:18:20',1),
 (2,19,'2019-02-26 18:18:20',1),
 (2,20,'2019-02-26 18:18:20',1),
 (2,21,'2019-02-26 18:18:20',1),
 (2,22,'2019-02-26 18:18:20',1),
 (2,23,'2019-02-26 18:18:20',1),
 (2,24,'2019-02-26 18:18:20',1),
 (2,25,'2019-02-26 18:18:20',1),
 (2,26,'2019-02-26 18:18:20',1),
 (2,27,'2019-02-26 18:18:20',1),
 (2,28,'2019-02-26 18:18:20',1),
 (2,29,'2019-02-26 18:18:20',1),
 (2,30,'2019-02-26 18:18:20',1),
 (2,31,'2019-02-26 18:18:20',1),
 (2,32,'2019-02-26 18:18:20',1),
 (2,33,'2019-02-26 18:18:20',1),
 (2,34,'2019-02-26 18:18:20',1),
 (2,35,'2019-02-26 18:18:20',1),
 (2,36,'2019-02-26 18:18:20',1),
 (2,37,'2019-02-26 18:18:20',1),
 (3,10,'2019-02-26 08:52:01',1),
 (3,11,'2019-02-26 08:52:14',1),
 (3,12,'2019-02-26 08:52:28',1),
 (3,13,'2019-02-26 08:52:36',1),
 (3,14,'2019-02-26 08:52:44',1),
 (3,15,'2019-02-26 08:52:53',1),
 (3,16,'2019-02-26 08:53:01',1),
 (3,26,'2019-02-26 08:50:18',1),
 (3,32,'2019-02-26 08:50:34',1),
 (3,33,'2019-02-26 08:50:58',1),
 (3,34,'2019-02-26 08:51:10',1),
 (3,35,'2019-02-26 08:51:20',1);
/*!40000 ALTER TABLE `perfil_acessa_routes` ENABLE KEYS */;


--
-- Definition of table `produto`
--

DROP TABLE IF EXISTS `produto`;
CREATE TABLE `produto` (
  `id` int(11) NOT NULL AUTO_INCREMENT,
  `categoria` int(11) NOT NULL,
  `codigo` varchar(10) CHARACTER SET latin1 DEFAULT NULL,
  `descricao` varchar(255) CHARACTER SET latin1 DEFAULT NULL,
  `detalhe` text CHARACTER SET latin1 DEFAULT NULL,
  `preco_venda` decimal(10,2) DEFAULT NULL,
  `preco_custo` decimal(10,2) DEFAULT NULL,
  `estoque_saldo` int(11) DEFAULT NULL,
  `estoque_minimo` int(11) DEFAULT NULL,
  `status` tinyint(4) NOT NULL DEFAULT 1,
  `registro` timestamp NOT NULL DEFAULT current_timestamp(),
  PRIMARY KEY (`id`),
  KEY `fk_produto_produto_subcategoria1_idx` (`categoria`),
  CONSTRAINT `fk_produto_produto_subcategoria1` FOREIGN KEY (`categoria`) REFERENCES `produto_subcategoria` (`id`) ON DELETE CASCADE ON UPDATE CASCADE
) ENGINE=InnoDB AUTO_INCREMENT=15 DEFAULT CHARSET=latin1 COLLATE=latin1_bin;

--
-- Dumping data for table `produto`
--

/*!40000 ALTER TABLE `produto` DISABLE KEYS */;
INSERT INTO `produto` (`id`,`categoria`,`codigo`,`descricao`,`detalhe`,`preco_venda`,`preco_custo`,`estoque_saldo`,`estoque_minimo`,`status`,`registro`) VALUES 
 (8,1,'CA0040','Camiseta branca','Camiseta Branca','40.00','12.00',38,1,1,'2019-02-05 06:02:15'),
 (9,1,'CA0035','Camiseta de 35','','35.00','10.00',77,10,1,'2019-02-05 06:02:39'),
 (10,2,'BE0055','Bemuda de 55','','55.00','14.00',48,10,1,'2019-02-05 06:03:03'),
 (11,2,'BE0089','Bemuda de 89','','89.90','14.00',51,10,1,'2019-02-05 06:03:33'),
 (12,17,'BO0025','Bone de 25','','25.00','4.00',47,1,1,'2019-02-05 06:04:04'),
 (13,17,'BO0060','Bone de 60','','60.00','20.00',84,30,1,'2019-02-05 06:04:32'),
 (14,1,'CA0100','Camiseta de 100','','100.90','40.00',21,2,1,'2019-02-05 06:05:16');
/*!40000 ALTER TABLE `produto` ENABLE KEYS */;


--
-- Definition of table `produto_categoria`
--

DROP TABLE IF EXISTS `produto_categoria`;
CREATE TABLE `produto_categoria` (
  `id` int(11) NOT NULL AUTO_INCREMENT,
  `descricao` varchar(255) CHARACTER SET latin1 DEFAULT NULL,
  `registro` timestamp NOT NULL DEFAULT current_timestamp(),
  `status` tinyint(4) NOT NULL DEFAULT 1,
  PRIMARY KEY (`id`)
) ENGINE=InnoDB AUTO_INCREMENT=9 DEFAULT CHARSET=latin1 COLLATE=latin1_bin;

--
-- Dumping data for table `produto_categoria`
--

/*!40000 ALTER TABLE `produto_categoria` DISABLE KEYS */;
INSERT INTO `produto_categoria` (`id`,`descricao`,`registro`,`status`) VALUES 
 (1,'Roupas','2019-01-23 11:30:39',1),
 (2,'Acessrios','2019-01-23 11:30:39',1);
/*!40000 ALTER TABLE `produto_categoria` ENABLE KEYS */;


--
-- Definition of table `produto_subcategoria`
--

DROP TABLE IF EXISTS `produto_subcategoria`;
CREATE TABLE `produto_subcategoria` (
  `id` int(11) NOT NULL AUTO_INCREMENT,
  `categoria` int(11) NOT NULL,
  `descricao` varchar(255) CHARACTER SET latin1 DEFAULT NULL,
  `registro` timestamp NOT NULL DEFAULT current_timestamp(),
  `status` tinyint(4) NOT NULL DEFAULT 1,
  PRIMARY KEY (`id`),
  KEY `fk_produto_subcategoria_produto_categoria1_idx` (`categoria`),
  CONSTRAINT `fk_produto_subcategoria_produto_categoria1` FOREIGN KEY (`categoria`) REFERENCES `produto_categoria` (`id`) ON DELETE CASCADE ON UPDATE CASCADE
) ENGINE=InnoDB AUTO_INCREMENT=18 DEFAULT CHARSET=latin1 COLLATE=latin1_bin;

--
-- Dumping data for table `produto_subcategoria`
--

/*!40000 ALTER TABLE `produto_subcategoria` DISABLE KEYS */;
INSERT INTO `produto_subcategoria` (`id`,`categoria`,`descricao`,`registro`,`status`) VALUES 
 (1,1,'Camisetas','2019-01-23 11:32:11',1),
 (2,1,'Bermudas','2019-01-23 11:32:11',1),
 (17,2,'Bon','2019-01-23 12:44:33',1);
/*!40000 ALTER TABLE `produto_subcategoria` ENABLE KEYS */;


--
-- Definition of table `routes`
--

DROP TABLE IF EXISTS `routes`;
CREATE TABLE `routes` (
  `id` int(11) NOT NULL AUTO_INCREMENT,
  `label` varchar(255) CHARACTER SET latin1 DEFAULT NULL,
  `controller` varchar(255) CHARACTER SET latin1 DEFAULT NULL,
  `method` varchar(255) CHARACTER SET latin1 DEFAULT NULL,
  `aside` tinyint(4) NOT NULL DEFAULT 0,
  `status` tinyint(4) NOT NULL DEFAULT 1,
  `registro` timestamp NOT NULL DEFAULT current_timestamp(),
  PRIMARY KEY (`id`)
) ENGINE=InnoDB AUTO_INCREMENT=38 DEFAULT CHARSET=latin1 COLLATE=latin1_bin;

--
-- Dumping data for table `routes`
--

/*!40000 ALTER TABLE `routes` DISABLE KEYS */;
INSERT INTO `routes` (`id`,`label`,`controller`,`method`,`aside`,`status`,`registro`) VALUES 
 (1,NULL,'App','index',0,1,'2019-01-18 07:16:21'),
 (2,NULL,'Profile','index',0,1,'2019-01-18 07:16:21'),
 (3,'Usurios','Usuario','index',1,1,'2019-01-18 07:57:51'),
 (4,NULL,'Profile','post',0,1,'2019-01-18 08:32:45'),
 (5,NULL,'Usuario','add',0,1,'2019-01-19 09:06:33'),
 (6,NULL,'Usuario','post',0,1,'2019-01-19 09:33:05'),
 (7,NULL,'Usuario','edit',0,1,'2019-01-19 16:03:19'),
 (8,NULL,'Usuario','put',0,1,'2019-01-19 16:48:07'),
 (9,NULL,'Usuario','delete',0,1,'2019-01-19 17:39:56'),
 (10,'Clientes','Cliente','index',1,1,'2019-01-19 19:07:55'),
 (11,NULL,'Cliente','add',0,1,'2019-01-19 19:29:21'),
 (12,NULL,'Cliente','post',0,1,'2019-01-21 07:03:21'),
 (13,NULL,'Cliente','edit',0,1,'2019-01-21 07:36:46'),
 (14,NULL,'Cliente','put',0,1,'2019-01-21 07:55:47'),
 (15,NULL,'Cliente','delete',0,1,'2019-01-21 08:11:23'),
 (16,NULL,'Cliente','view',0,1,'2019-01-21 08:17:00'),
 (17,'Produtos','Produto','index',1,1,'2019-01-21 13:29:05'),
 (18,NULL,'Produto','add',0,1,'2019-01-21 13:56:08'),
 (19,NULL,'Produto','post',0,1,'2019-01-21 16:58:12'),
 (20,NULL,'Produto','edit',0,1,'2019-01-22 06:06:34'),
 (21,NULL,'Produto','put',0,1,'2019-01-22 06:20:36'),
 (22,NULL,'Produto','delete',0,1,'2019-01-22 06:47:56'),
 (23,NULL,'Produto','checkcodigo',0,1,'2019-01-23 07:50:55'),
 (24,NULL,'Estoque','index',0,1,'2019-01-23 16:37:12'),
 (25,NULL,'Estoque','put',0,1,'2019-01-23 19:22:32'),
 (26,'Vendas','Venda','index',1,1,'2019-01-24 06:33:25'),
 (27,'Root','Root','index',1,1,'2019-01-24 14:05:46'),
 (28,NULL,'Root','putprofile',0,1,'2019-01-24 14:22:33'),
 (29,NULL,'Root','postLiberarAcesso',0,1,'2019-01-24 15:37:53'),
 (30,NULL,'Root','deletarAcesso',0,1,'2019-01-24 15:58:54'),
 (31,NULL,'Root','clonarAcesso',0,1,'2019-01-24 16:13:47'),
 (32,NULL,'Venda','search_produto',0,1,'2019-02-05 07:19:15'),
 (33,NULL,'Venda','busca_produto',0,1,'2019-02-11 07:45:18'),
 (34,NULL,'Venda','finalizar_venda',0,1,'2019-02-22 06:12:59'),
 (35,NULL,'Venda','vdoc',0,1,'2019-02-23 14:08:25'),
 (36,'Credirio','Crediario','index',1,1,'2019-02-26 17:38:25'),
 (37,NULL,'Crediario','busca_crediario',0,1,'2019-02-26 18:18:20');
/*!40000 ALTER TABLE `routes` ENABLE KEYS */;


--
-- Definition of table `usuario`
--

DROP TABLE IF EXISTS `usuario`;
CREATE TABLE `usuario` (
  `id` int(11) NOT NULL AUTO_INCREMENT,
  `fkperfil` int(11) DEFAULT 3,
  `nome` varchar(255) CHARACTER SET latin1 DEFAULT NULL,
  `avatar` varchar(255) CHARACTER SET latin1 NOT NULL DEFAULT 'default.jpg',
  `email` varchar(255) CHARACTER SET latin1 DEFAULT NULL,
  `senha` varchar(32) CHARACTER SET latin1 DEFAULT NULL,
  `registro` timestamp NOT NULL DEFAULT current_timestamp(),
  `status` tinyint(4) NOT NULL DEFAULT 1,
  PRIMARY KEY (`id`),
  KEY `fk_usuario_perfil1_idx` (`fkperfil`),
  CONSTRAINT `fk_usuario_perfil1` FOREIGN KEY (`fkperfil`) REFERENCES `perfil` (`id`) ON DELETE NO ACTION ON UPDATE NO ACTION
) ENGINE=InnoDB AUTO_INCREMENT=3 DEFAULT CHARSET=latin1 COLLATE=latin1_bin;

--
-- Dumping data for table `usuario`
--

/*!40000 ALTER TABLE `usuario` DISABLE KEYS */;
INSERT INTO `usuario` (`id`,`fkperfil`,`nome`,`avatar`,`email`,`senha`,`registro`,`status`) VALUES 
 (1,1,'Fabrcio Rogrio Lopes Ramos','default.jpg','fabricio.ramos.dev@gmail.com','202cb962ac59075b964b07152d234b70','2019-01-03 08:19:34',1),
 (2,3,'Usuario teste','default.jpg','usuario@email.com','202cb962ac59075b964b07152d234b70','2019-02-26 07:19:19',1);
/*!40000 ALTER TABLE `usuario` ENABLE KEYS */;


--
-- Definition of table `usuario_acessa_loja`
--

DROP TABLE IF EXISTS `usuario_acessa_loja`;
CREATE TABLE `usuario_acessa_loja` (
  `usuario` int(11) NOT NULL,
  `loja` int(11) NOT NULL,
  `registro` timestamp NULL DEFAULT current_timestamp(),
  `status` tinyint(4) NOT NULL DEFAULT 1,
  PRIMARY KEY (`usuario`,`loja`),
  KEY `fk_usuario_has_loja_loja1_idx` (`loja`),
  KEY `fk_usuario_has_loja_usuario1_idx` (`usuario`),
  CONSTRAINT `fk_usuario_has_loja_loja1` FOREIGN KEY (`loja`) REFERENCES `loja` (`id`) ON DELETE CASCADE ON UPDATE CASCADE,
  CONSTRAINT `fk_usuario_has_loja_usuario1` FOREIGN KEY (`usuario`) REFERENCES `usuario` (`id`) ON DELETE CASCADE ON UPDATE CASCADE
) ENGINE=InnoDB DEFAULT CHARSET=latin1 COLLATE=latin1_bin;

--
-- Dumping data for table `usuario_acessa_loja`
--

/*!40000 ALTER TABLE `usuario_acessa_loja` DISABLE KEYS */;
INSERT INTO `usuario_acessa_loja` (`usuario`,`loja`,`registro`,`status`) VALUES 
 (1,1,'2019-01-18 06:13:43',1),
 (1,2,'2019-01-18 06:13:43',1),
 (1,3,'2019-01-18 06:13:43',1),
 (2,1,'2019-02-26 07:19:19',1),
 (2,2,'2019-02-26 07:19:19',1),
 (2,3,'2019-02-26 07:19:19',1);
/*!40000 ALTER TABLE `usuario_acessa_loja` ENABLE KEYS */;


--
-- Definition of table `venda`
--

DROP TABLE IF EXISTS `venda`;
CREATE TABLE `venda` (
  `id` int(11) NOT NULL AUTO_INCREMENT,
  `usuario_id` int(11) DEFAULT NULL,
  `cliente_id` int(11) DEFAULT NULL,
  `cliente_nome` varchar(255) COLLATE latin1_bin DEFAULT NULL,
  `pagamento_id` int(11) DEFAULT NULL,
  `pagamento_descricao` varchar(255) COLLATE latin1_bin DEFAULT NULL,
  `pagamento_parcelas` int(11) DEFAULT NULL,
  `pagamento_vencimento` date DEFAULT NULL,
  `desconto_valor` decimal(10,2) DEFAULT NULL,
  `desconto_taxa` decimal(10,2) DEFAULT NULL,
  `desconto_valor_sem_desconto` decimal(10,2) DEFAULT NULL,
  `desconto_valor_com_desconto` decimal(10,2) DEFAULT NULL,
  `venda_total` decimal(10,2) DEFAULT NULL,
  `registro` timestamp NULL DEFAULT current_timestamp(),
  `status` tinyint(4) NOT NULL DEFAULT 1,
  PRIMARY KEY (`id`),
  KEY `fk_venda_cliente1_idx` (`cliente_id`),
  KEY `fk_venda_usuario1_idx` (`usuario_id`),
  CONSTRAINT `fk_venda_cliente1` FOREIGN KEY (`cliente_id`) REFERENCES `cliente` (`id`) ON DELETE CASCADE ON UPDATE CASCADE,
  CONSTRAINT `fk_venda_usuario1` FOREIGN KEY (`usuario_id`) REFERENCES `usuario` (`id`) ON DELETE NO ACTION ON UPDATE CASCADE
) ENGINE=InnoDB AUTO_INCREMENT=114 DEFAULT CHARSET=latin1 COLLATE=latin1_bin;

--
-- Dumping data for table `venda`
--

/*!40000 ALTER TABLE `venda` DISABLE KEYS */;
INSERT INTO `venda` (`id`,`usuario_id`,`cliente_id`,`cliente_nome`,`pagamento_id`,`pagamento_descricao`,`pagamento_parcelas`,`pagamento_vencimento`,`desconto_valor`,`desconto_taxa`,`desconto_valor_sem_desconto`,`desconto_valor_com_desconto`,`venda_total`,`registro`,`status`) VALUES 
 (13,1,NULL,NULL,3,0x43617274C3A36F2044C3A96269746F,NULL,NULL,'34.08','10.00','340.80','306.72','340.80','2019-01-22 09:00:58',1),
 (14,1,NULL,NULL,3,0x43617274C3A36F2044C3A96269746F,NULL,NULL,'34.08','10.00','340.80','306.72','306.72','2019-01-22 09:02:24',1),
 (15,1,NULL,NULL,3,0x43617274C3A36F2044C3A96269746F,NULL,NULL,'0.00','0.00','0.00','0.00','245.80','2019-01-22 09:03:47',1),
 (16,1,NULL,NULL,3,0x43617274C3A36F2044C3A96269746F,NULL,NULL,'0.00','0.00','0.00','0.00','245.80','2019-01-22 09:13:36',1),
 (17,1,NULL,NULL,3,0x43617274C3A36F2044C3A96269746F,NULL,NULL,'0.00','0.00','0.00','0.00','115.00','2019-02-22 09:27:21',1),
 (18,1,NULL,NULL,3,0x43617274C3A36F2044C3A96269746F,NULL,NULL,'2.30','2.00','115.00','112.70','112.70','2019-02-22 12:08:59',1),
 (19,1,NULL,NULL,3,0x43617274C3A36F2044C3A96269746F,NULL,NULL,'2.30','2.00','115.00','112.70','112.70','2019-02-22 12:09:26',1),
 (20,1,NULL,NULL,3,0x43617274C3A36F2044C3A96269746F,NULL,NULL,'2.30','2.00','115.00','112.70','112.70','2019-02-22 12:09:28',1),
 (21,1,NULL,NULL,3,0x43617274C3A36F2044C3A96269746F,NULL,NULL,'2.30','2.00','115.00','112.70','112.70','2019-02-22 12:09:29',1),
 (22,1,NULL,NULL,3,0x43617274C3A36F2044C3A96269746F,NULL,NULL,'2.30','2.00','115.00','112.70','112.70','2019-02-22 12:09:43',1),
 (23,1,NULL,NULL,3,0x43617274C3A36F2044C3A96269746F,NULL,NULL,'2.30','2.00','115.00','112.70','112.70','2019-02-22 12:09:58',1),
 (24,1,NULL,NULL,3,0x43617274C3A36F2044C3A96269746F,NULL,NULL,'2.30','2.00','115.00','112.70','112.70','2019-02-22 12:10:15',1),
 (25,1,NULL,NULL,3,0x43617274C3A36F2044C3A96269746F,NULL,NULL,'2.30','2.00','115.00','112.70','112.70','2019-02-22 12:10:34',1),
 (26,1,NULL,NULL,3,0x43617274C3A36F2044C3A96269746F,NULL,NULL,'2.30','2.00','115.00','112.70','112.70','2019-02-22 12:10:55',1),
 (27,1,NULL,NULL,3,0x43617274C3A36F2044C3A96269746F,NULL,NULL,'2.30','2.00','115.00','112.70','112.70','2019-02-22 12:11:38',1),
 (28,1,NULL,NULL,3,0x43617274C3A36F2044C3A96269746F,NULL,NULL,'2.30','2.00','115.00','112.70','112.70','2019-02-22 12:15:21',1),
 (29,1,NULL,NULL,3,0x43617274C3A36F2044C3A96269746F,NULL,NULL,'2.30','2.00','115.00','112.70','112.70','2019-02-22 12:15:24',1),
 (30,1,NULL,NULL,3,0x43617274C3A36F2044C3A96269746F,NULL,NULL,'2.30','2.00','115.00','112.70','112.70','2019-02-22 12:19:31',1),
 (31,1,NULL,NULL,3,0x43617274C3A36F2044C3A96269746F,NULL,NULL,'2.30','2.00','115.00','112.70','112.70','2019-02-22 12:19:48',1),
 (32,1,NULL,NULL,3,0x43617274C3A36F2044C3A96269746F,NULL,NULL,'2.30','2.00','115.00','112.70','112.70','2019-02-22 12:32:53',1),
 (33,1,NULL,NULL,3,0x43617274C3A36F2044C3A96269746F,NULL,NULL,'2.30','2.00','115.00','112.70','112.70','2019-02-22 12:33:06',1),
 (34,1,NULL,NULL,3,0x43617274C3A36F2044C3A96269746F,NULL,NULL,'2.30','2.00','115.00','112.70','112.70','2019-02-22 12:33:14',1),
 (35,1,NULL,NULL,3,0x43617274C3A36F2044C3A96269746F,NULL,NULL,'2.30','2.00','115.00','112.70','112.70','2019-02-22 12:33:26',1),
 (36,1,NULL,NULL,3,0x43617274C3A36F2044C3A96269746F,NULL,NULL,'2.30','2.00','115.00','112.70','112.70','2019-02-22 12:33:26',1),
 (85,1,NULL,NULL,3,0x43617274C3A36F2044C3A96269746F,NULL,NULL,'18.00','10.00','180.00','162.00','162.00','2019-02-23 13:37:41',1),
 (86,1,NULL,NULL,3,0x43617274C3A36F2044C3A96269746F,NULL,NULL,'8.00','10.00','80.00','72.00','72.00','2019-02-23 13:38:16',1),
 (87,1,NULL,NULL,3,0x43617274C3A36F2044C3A96269746F,NULL,NULL,'11.50','10.00','115.00','103.50','103.50','2019-02-23 13:38:58',1),
 (89,1,NULL,NULL,2,0x43617274C3A36F204372C3A96469746F,NULL,NULL,'12.00','10.00','120.00','108.00','108.00','2019-02-23 13:40:23',1),
 (90,1,NULL,NULL,2,0x43617274C3A36F204372C3A96469746F,NULL,NULL,'16.49','10.00','164.90','148.41','148.41','2019-02-23 13:42:06',1),
 (91,1,NULL,NULL,3,0x43617274C3A36F2044C3A96269746F,NULL,NULL,'14.50','10.00','145.00','130.50','130.50','2019-02-23 13:45:45',1),
 (103,1,NULL,NULL,NULL,NULL,NULL,NULL,'0.00','0.00','0.00','0.00','0.00','2019-02-23 17:30:19',1),
 (104,1,NULL,NULL,NULL,NULL,NULL,NULL,'0.00','0.00','0.00','0.00','0.00','2019-02-23 17:30:22',1),
 (107,1,NULL,NULL,3,0x43617274C3A36F2044C3A96269746F,NULL,NULL,'0.00','0.00','0.00','0.00','240.00','2019-02-23 18:04:24',1),
 (108,1,NULL,NULL,3,0x43617274C3A36F2044C3A96269746F,NULL,NULL,'0.00','0.00','0.00','0.00','60.00','2019-02-23 18:05:42',1),
 (109,1,NULL,NULL,3,0x43617274C3A36F2044C3A96269746F,NULL,NULL,'0.00','0.00','0.00','0.00','300.00','2019-02-23 18:06:46',1),
 (110,1,NULL,NULL,2,0x43617274C3A36F204372C3A96469746F,NULL,NULL,'7.00','10.00','70.00','63.00','63.00','2019-02-25 17:22:03',1),
 (111,1,NULL,NULL,1,0x44696E686569726F,NULL,NULL,'19.09','5.00','381.80','362.71','362.71','2019-02-25 18:45:38',1),
 (113,1,1,0x3331312E3133362E353838202D2046616272C3AD63696F20526F67C3A972696F204C6F7065732052616D6F73,4,0x4372656469C3A172696F204C6F6A61,3,'2019-03-26','0.00','0.00','95.00','95.00','95.00','2019-02-26 18:41:24',1);
/*!40000 ALTER TABLE `venda` ENABLE KEYS */;


--
-- Definition of table `venda_itens`
--

DROP TABLE IF EXISTS `venda_itens`;
CREATE TABLE `venda_itens` (
  `id` int(11) NOT NULL AUTO_INCREMENT,
  `produto_id` int(11) NOT NULL,
  `produto_codigo` varchar(255) COLLATE latin1_bin DEFAULT NULL,
  `produto_descricao` varchar(255) COLLATE latin1_bin DEFAULT NULL,
  `produto_preco_venda` decimal(10,2) DEFAULT NULL,
  `produto_quantidade` int(11) DEFAULT NULL,
  `venda_id` int(11) NOT NULL,
  PRIMARY KEY (`id`),
  KEY `fk_venda_itens_produto1_idx` (`produto_id`),
  KEY `fk_venda_itens_venda1_idx` (`venda_id`),
  CONSTRAINT `fk_venda_itens_produto1` FOREIGN KEY (`produto_id`) REFERENCES `produto` (`id`) ON DELETE CASCADE ON UPDATE CASCADE,
  CONSTRAINT `fk_venda_itens_venda1` FOREIGN KEY (`venda_id`) REFERENCES `venda` (`id`) ON DELETE CASCADE ON UPDATE CASCADE
) ENGINE=InnoDB AUTO_INCREMENT=223 DEFAULT CHARSET=latin1 COLLATE=latin1_bin;

--
-- Dumping data for table `venda_itens`
--

/*!40000 ALTER TABLE `venda_itens` DISABLE KEYS */;
INSERT INTO `venda_itens` (`id`,`produto_id`,`produto_codigo`,`produto_descricao`,`produto_preco_venda`,`produto_quantidade`,`venda_id`) VALUES 
 (1,12,0x424F30303235,0x426F6E65206465203235,'25.00',1,30),
 (2,10,0x424530303535,0x42656D756461206465203535,'55.00',1,30),
 (3,9,0x434130303335,0x43616D6973657461206465203335,'35.00',1,30),
 (4,12,0x424F30303235,0x426F6E65206465203235,'25.00',1,31),
 (5,10,0x424530303535,0x42656D756461206465203535,'55.00',1,31),
 (6,9,0x434130303335,0x43616D6973657461206465203335,'35.00',1,31),
 (7,12,0x424F30303235,0x426F6E65206465203235,'25.00',1,32),
 (8,10,0x424530303535,0x42656D756461206465203535,'55.00',1,32),
 (9,9,0x434130303335,0x43616D6973657461206465203335,'35.00',1,32),
 (10,12,0x424F30303235,0x426F6E65206465203235,'25.00',1,33),
 (11,10,0x424530303535,0x42656D756461206465203535,'55.00',1,33),
 (12,9,0x434130303335,0x43616D6973657461206465203335,'35.00',1,33),
 (13,12,0x424F30303235,0x426F6E65206465203235,'25.00',1,34),
 (14,10,0x424530303535,0x42656D756461206465203535,'55.00',1,34),
 (15,9,0x434130303335,0x43616D6973657461206465203335,'35.00',1,34),
 (16,12,0x424F30303235,0x426F6E65206465203235,'25.00',1,35),
 (17,10,0x424530303535,0x42656D756461206465203535,'55.00',1,35),
 (18,9,0x434130303335,0x43616D6973657461206465203335,'35.00',1,35),
 (19,12,0x424F30303235,0x426F6E65206465203235,'25.00',1,36),
 (20,10,0x424530303535,0x42656D756461206465203535,'55.00',1,36),
 (21,9,0x434130303335,0x43616D6973657461206465203335,'35.00',1,36),
 (166,9,0x434130303335,0x43616D6973657461206465203335,'35.00',2,85),
 (167,10,0x424530303535,0x42656D756461206465203535,'55.00',2,85),
 (168,8,0x434130303430,0x43616D6973657461206272616E6361,'40.00',2,86),
 (169,8,0x434130303430,0x43616D6973657461206272616E6361,'40.00',2,87),
 (170,9,0x434130303335,0x43616D6973657461206465203335,'35.00',1,87),
 (173,8,0x434130303430,0x43616D6973657461206272616E6361,'40.00',3,89),
 (174,8,0x434130303430,0x43616D6973657461206272616E6361,'40.00',1,90),
 (175,9,0x434130303335,0x43616D6973657461206465203335,'35.00',1,90),
 (176,11,0x424530303839,0x42656D756461206465203839,'89.90',1,90),
 (177,10,0x424530303535,0x42656D756461206465203535,'55.00',2,91),
 (178,9,0x434130303335,0x43616D6973657461206465203335,'35.00',1,91),
 (209,13,0x424F30303630,0x426F6E65206465203630,'60.00',4,107),
 (210,13,0x424F30303630,0x426F6E65206465203630,'60.00',1,108),
 (211,13,0x424F30303630,0x426F6E65206465203630,'60.00',5,109),
 (212,9,0x434130303335,0x43616D6973657461206465203335,'35.00',2,110),
 (213,10,0x424530303535,0x42656D756461206465203535,'55.00',1,111),
 (214,12,0x424F30303235,0x426F6E65206465203235,'25.00',1,111),
 (215,13,0x424F30303630,0x426F6E65206465203630,'60.00',1,111),
 (216,8,0x434130303430,0x43616D6973657461206272616E6361,'40.00',1,111),
 (217,14,0x434130313030,0x43616D697365746120646520313030,'100.90',2,111),
 (221,8,0x434130303430,0x43616D6973657461206272616E6361,'40.00',1,113),
 (222,10,0x424530303535,0x42656D756461206465203535,'55.00',1,113);
/*!40000 ALTER TABLE `venda_itens` ENABLE KEYS */;


--
-- Definition of table `venda_prazo`
--

DROP TABLE IF EXISTS `venda_prazo`;
CREATE TABLE `venda_prazo` (
  `id` int(11) NOT NULL AUTO_INCREMENT,
  `cliente_id` int(11) NOT NULL,
  `parcela` varchar(255) COLLATE latin1_bin DEFAULT NULL,
  `data_parcela` date DEFAULT NULL,
  `valor_parcela` decimal(10,2) DEFAULT NULL,
  `status` int(11) NOT NULL DEFAULT 1 COMMENT '0 - pago\n1 aberto\n2 atraso\n',
  `venda_id` int(11) NOT NULL,
  PRIMARY KEY (`id`),
  KEY `fk_venda_prazo_cliente1_idx` (`cliente_id`),
  KEY `fk_venda_prazo_venda1_idx` (`venda_id`),
  CONSTRAINT `fk_venda_prazo_cliente1` FOREIGN KEY (`cliente_id`) REFERENCES `cliente` (`id`) ON UPDATE CASCADE,
  CONSTRAINT `fk_venda_prazo_venda1` FOREIGN KEY (`venda_id`) REFERENCES `venda` (`id`) ON UPDATE CASCADE
) ENGINE=InnoDB AUTO_INCREMENT=4 DEFAULT CHARSET=latin1 COLLATE=latin1_bin;

--
-- Dumping data for table `venda_prazo`
--

/*!40000 ALTER TABLE `venda_prazo` DISABLE KEYS */;
INSERT INTO `venda_prazo` (`id`,`cliente_id`,`parcela`,`data_parcela`,`valor_parcela`,`status`,`venda_id`) VALUES 
 (1,1,0x312F33,'2019-03-26','31.67',1,113),
 (2,1,0x322F33,'2019-04-26','31.67',1,113),
 (3,1,0x332F33,'2019-05-26','31.67',1,113);
/*!40000 ALTER TABLE `venda_prazo` ENABLE KEYS */;




/*!40101 SET SQL_MODE=@OLD_SQL_MODE */;
/*!40014 SET FOREIGN_KEY_CHECKS=@OLD_FOREIGN_KEY_CHECKS */;
/*!40014 SET UNIQUE_CHECKS=@OLD_UNIQUE_CHECKS */;
/*!40101 SET CHARACTER_SET_CLIENT=@OLD_CHARACTER_SET_CLIENT */;
/*!40101 SET CHARACTER_SET_RESULTS=@OLD_CHARACTER_SET_RESULTS */;
/*!40101 SET COLLATION_CONNECTION=@OLD_COLLATION_CONNECTION */;
/*!40101 SET CHARACTER_SET_CLIENT=@OLD_CHARACTER_SET_CLIENT */;
